ПЕРИОД_ОД,ПЕРИОД_ДО,ОПШТИНА_ГРАД,ВРСТА_ПРОМЕНЕ,БРОЈ_ПРОМЕНА
10.08.2026,16.08.2026,АЛЕКСАНДРОВАЦ,Упис по основу стицања пунолетства,4
10.08.2026,16.08.2026,АЛЕКСАНДРОВАЦ,Упис по основу пријаве пребивалишта,3
10.08.2026,16.08.2026,АЛЕКСАНДРОВАЦ,Промена личних података,1
10.08.2026,16.08.2026,АЛЕКСАНДРОВАЦ,Промена адресе пребивалишта,33
10.08.2026,16.08.2026,АЛЕКСАНДРОВАЦ,Брисање по основу одјаве пребивалишта,2
10.08.2026,16.08.2026,АЛЕКСАНДРОВАЦ,Брисање по основу смрти лица,10
10.08.2026,16.08.2026,АЛЕКСАНДРОВАЦ,Брисање боравишта интерно расељеног лица,2
10.08.2026,16.08.2026,АЛЕКСИНАЦ,Упис по основу стицања пунолетства,5
10.08.2026,16.08.2026,АЛЕКСИНАЦ,Упис по основу пријаве пребивалишта,12
10.08.2026,16.08.2026,АЛЕКСИНАЦ,Упис по основу пријаве боравишта интерно расељеног лица,1
10.08.2026,16.08.2026,АЛЕКСИНАЦ,Промена личних података,8
10.08.2026,16.08.2026,АЛЕКСИНАЦ,Промена адресе пребивалишта,52
10.08.2026,16.08.2026,АЛЕКСИНАЦ,Брисање по основу одјаве пребивалишта,2
10.08.2026,16.08.2026,АЛЕКСИНАЦ,Брисање по основу смрти лица,15
10.08.2026,16.08.2026,АЛЕКСИНАЦ,Исправка техничке грешке,1
10.08.2026,16.08.2026,АЛИБУНАР,Упис по основу стицања пунолетства,2
10.08.2026,16.08.2026,АЛИБУНАР,Упис по основу пријаве пребивалишта,2
10.08.2026,16.08.2026,АЛИБУНАР,Брисање по основу одјаве пребивалишта,2
10.08.2026,16.08.2026,АЛИБУНАР,Брисање по основу смрти лица,2
10.08.2026,16.08.2026,АПАТИН,Упис по основу пријаве пребивалишта,5
10.08.2026,16.08.2026,АПАТИН,Промена личних података,5
10.08.2026,16.08.2026,АПАТИН,Промена адресе пребивалишта,11
10.08.2026,16.08.2026,АПАТИН,Брисање по основу одјаве пребивалишта,7
10.08.2026,16.08.2026,АПАТИН,Брисање по основу смрти лица,12
10.08.2026,16.08.2026,АРАНЂЕЛОВАЦ,Упис по основу стицања пунолетства,16
10.08.2026,16.08.2026,АРАНЂЕЛОВАЦ,Упис по основу пријаве пребивалишта,6
10.08.2026,16.08.2026,АРАНЂЕЛОВАЦ,Промена личних података,6
10.08.2026,16.08.2026,АРАНЂЕЛОВАЦ,Промена адресе пребивалишта,18
10.08.2026,16.08.2026,АРАНЂЕЛОВАЦ,Брисање по основу одјаве пребивалишта,9
10.08.2026,16.08.2026,АРАНЂЕЛОВАЦ,Брисање по основу смрти лица,10
10.08.2026,16.08.2026,АРИЉЕ,Брисање по основу одјаве пребивалишта,3
10.08.2026,16.08.2026,БАБУШНИЦА,Упис по основу стицања пунолетства,3
10.08.2026,16.08.2026,БАБУШНИЦА,Промена адресе пребивалишта,5
10.08.2026,16.08.2026,БАБУШНИЦА,Брисање по основу одјаве пребивалишта,1
10.08.2026,16.08.2026,БАБУШНИЦА,Брисање по основу смрти лица,3
10.08.2026,16.08.2026,БАЈИНА БАШТА,Промена личних података,1
10.08.2026,16.08.2026,БАЈИНА БАШТА,Промена адресе пребивалишта,1
10.08.2026,16.08.2026,БАЈИНА БАШТА,Брисање по основу одјаве пребивалишта,6
10.08.2026,16.08.2026,БАЈИНА БАШТА,Брисање по основу смрти лица,8
10.08.2026,16.08.2026,БАТОЧИНА,Упис по основу стицања пунолетства,1
10.08.2026,16.08.2026,БАТОЧИНА,Упис по основу пријаве пребивалишта,2
10.08.2026,16.08.2026,БАТОЧИНА,Промена личних података,1
10.08.2026,16.08.2026,БАТОЧИНА,Промена адресе пребивалишта,16
10.08.2026,16.08.2026,БАТОЧИНА,Брисање по основу одјаве пребивалишта,2
10.08.2026,16.08.2026,БАТОЧИНА,Брисање по основу смрти лица,2
10.08.2026,16.08.2026,БАЧ,Упис по основу стицања пунолетства,2
10.08.2026,16.08.2026,БАЧ,Упис по основу пријаве пребивалишта,1
10.08.2026,16.08.2026,БАЧ,Промена личних података,2
10.08.2026,16.08.2026,БАЧ,Промена адресе пребивалишта,5
10.08.2026,16.08.2026,БАЧ,Брисање по основу одјаве пребивалишта,3
10.08.2026,16.08.2026,БАЧ,Брисање по основу смрти лица,6
10.08.2026,16.08.2026,БАЧКА ПАЛАНКА,Упис по основу стицања пунолетства,10
10.08.2026,16.08.2026,БАЧКА ПАЛАНКА,Упис по основу пријаве пребивалишта,10
10.08.2026,16.08.2026,БАЧКА ПАЛАНКА,Промена личних података,8
10.08.2026,16.08.2026,БАЧКА ПАЛАНКА,Промена адресе пребивалишта,11
10.08.2026,16.08.2026,БАЧКА ПАЛАНКА,Брисање по основу одјаве пребивалишта,19
10.08.2026,16.08.2026,БАЧКА ПАЛАНКА,Брисање по основу смрти лица,13
10.08.2026,16.08.2026,БАЧКА ПАЛАНКА,Брисање по службеној дужности,3
10.08.2026,16.08.2026,БАЧКА ТОПОЛА,Упис по основу стицања пунолетства,12
10.08.2026,16.08.2026,БАЧКА ТОПОЛА,Упис по основу пријаве пребивалишта,1
10.08.2026,16.08.2026,БАЧКА ТОПОЛА,Промена личних података,7
10.08.2026,16.08.2026,БАЧКА ТОПОЛА,Промена адресе пребивалишта,14
10.08.2026,16.08.2026,БАЧКА ТОПОЛА,Брисање по основу отпуста из држављанства,1
10.08.2026,16.08.2026,БАЧКА ТОПОЛА,Брисање по основу одјаве пребивалишта,5
10.08.2026,16.08.2026,БАЧКА ТОПОЛА,Брисање по основу губитка пословне способности,1
10.08.2026,16.08.2026,БАЧКА ТОПОЛА,Брисање по основу смрти лица,16
10.08.2026,16.08.2026,БАЧКИ ПЕТРОВАЦ,Упис по основу стицања пунолетства,1
10.08.2026,16.08.2026,БАЧКИ ПЕТРОВАЦ,Промена адресе пребивалишта,4
10.08.2026,16.08.2026,БАЧКИ ПЕТРОВАЦ,Брисање по основу одјаве пребивалишта,5
10.08.2026,16.08.2026,БАЧКИ ПЕТРОВАЦ,Брисање по основу смрти лица,4
10.08.2026,16.08.2026,БЕЛА ПАЛАНКА,Упис по основу стицања пунолетства,1
10.08.2026,16.08.2026,БЕЛА ПАЛАНКА,Упис по основу пријаве пребивалишта,1
10.08.2026,16.08.2026,БЕЛА ПАЛАНКА,Промена личних података,1
10.08.2026,16.08.2026,БЕЛА ПАЛАНКА,Промена адресе пребивалишта,6
10.08.2026,16.08.2026,БЕЛА ПАЛАНКА,Брисање по основу смрти лица,1
10.08.2026,16.08.2026,БЕЛА ЦРКВА,Упис по основу стицања пунолетства,4
10.08.2026,16.08.2026,БЕЛА ЦРКВА,Упис по основу пријаве пребивалишта,5
10.08.2026,16.08.2026,БЕЛА ЦРКВА,Промена личних података,248
10.08.2026,16.08.2026,БЕЛА ЦРКВА,Промена адресе пребивалишта,44
10.08.2026,16.08.2026,БЕЛА ЦРКВА,Брисање по основу дуплог уписа,5
10.08.2026,16.08.2026,БЕЛА ЦРКВА,Брисање по основу одјаве пребивалишта,6
10.08.2026,16.08.2026,БЕЛА ЦРКВА,Брисање по основу смрти лица,4
10.08.2026,16.08.2026,БЕЛА ЦРКВА,Брисање по службеној дужности,2
10.08.2026,16.08.2026,БЕОГРАД-БАРАЈЕВО,Брисање по основу одјаве пребивалишта,8
10.08.2026,16.08.2026,БЕОГРАД-БАРАЈЕВО,Брисање по основу смрти лица,8
10.08.2026,16.08.2026,БЕОГРАД-ВОЖДОВАЦ,Упис по основу стицања пунолетства,40
10.08.2026,16.08.2026,БЕОГРАД-ВОЖДОВАЦ,Упис по основу пријаве пребивалишта,117
10.08.2026,16.08.2026,БЕОГРАД-ВОЖДОВАЦ,Промена личних података,38
10.08.2026,16.08.2026,БЕОГРАД-ВОЖДОВАЦ,Промена адресе пребивалишта,53
10.08.2026,16.08.2026,БЕОГРАД-ВОЖДОВАЦ,Промена адресе боравишта интерно расељеног лица,2
10.08.2026,16.08.2026,БЕОГРАД-ВОЖДОВАЦ,Брисање по основу одјаве пребивалишта,56
10.08.2026,16.08.2026,БЕОГРАД-ВОЖДОВАЦ,Брисање по основу смрти лица,43
10.08.2026,16.08.2026,БЕОГРАД-ВОЖДОВАЦ,Брисање боравишта интерно расељеног лица,1
10.08.2026,16.08.2026,БЕОГРАД-ВОЖДОВАЦ,Исправка техничке грешке,1
10.08.2026,16.08.2026,БЕОГРАД-ВОЖДОВАЦ,Брисање по службеној дужности,47
10.08.2026,16.08.2026,БЕОГРАД-ВРАЧАР,Упис по основу стицања пунолетства,15
10.08.2026,16.08.2026,БЕОГРАД-ВРАЧАР,Упис по основу пријаве пребивалишта,54
10.08.2026,16.08.2026,БЕОГРАД-ВРАЧАР,Промена личних података,16
10.08.2026,16.08.2026,БЕОГРАД-ВРАЧАР,Промена адресе пребивалишта,5
10.08.2026,16.08.2026,БЕОГРАД-ВРАЧАР,Брисање по основу дуплог уписа,1
10.08.2026,16.08.2026,БЕОГРАД-ВРАЧАР,Брисање по основу одјаве пребивалишта,34
10.08.2026,16.08.2026,БЕОГРАД-ВРАЧАР,Брисање по основу смрти лица,14
10.08.2026,16.08.2026,БЕОГРАД-ВРАЧАР,Брисање по службеној дужности,7
10.08.2026,16.08.2026,БЕОГРАД-ГРОЦКА,Упис по основу стицања пунолетства,25
10.08.2026,16.08.2026,БЕОГРАД-ГРОЦКА,Упис по основу пријаве пребивалишта,34
10.08.2026,16.08.2026,БЕОГРАД-ГРОЦКА,Упис по основу пријаве боравишта интерно расељеног лица,2
10.08.2026,16.08.2026,БЕОГРАД-ГРОЦКА,Промена личних података,19
10.08.2026,16.08.2026,БЕОГРАД-ГРОЦКА,Промена адресе пребивалишта,17
10.08.2026,16.08.2026,БЕОГРАД-ГРОЦКА,Брисање по основу одјаве пребивалишта,12
10.08.2026,16.08.2026,БЕОГРАД-ГРОЦКА,Брисање по основу смрти лица,18
10.08.2026,16.08.2026,БЕОГРАД-ГРОЦКА,Брисање боравишта интерно расељеног лица,2
10.08.2026,16.08.2026,БЕОГРАД-ГРОЦКА,Брисање по службеној дужности,6
10.08.2026,16.08.2026,БЕОГРАД-ЗВЕЗДАРА,Упис по основу стицања пунолетства,36
10.08.2026,16.08.2026,БЕОГРАД-ЗВЕЗДАРА,Упис по основу пријаве пребивалишта,83
10.08.2026,16.08.2026,БЕОГРАД-ЗВЕЗДАРА,Упис по основу пријаве боравишта интерно расељеног лица,1
10.08.2026,16.08.2026,БЕОГРАД-ЗВЕЗДАРА,Промена личних података,26
10.08.2026,16.08.2026,БЕОГРАД-ЗВЕЗДАРА,Промена адресе пребивалишта,33
10.08.2026,16.08.2026,БЕОГРАД-ЗВЕЗДАРА,Брисање по основу одјаве пребивалишта,71
10.08.2026,16.08.2026,БЕОГРАД-ЗВЕЗДАРА,Брисање по основу смрти лица,36
10.08.2026,16.08.2026,БЕОГРАД-ЗЕМУН,Упис по основу стицања пунолетства,40
10.08.2026,16.08.2026,БЕОГРАД-ЗЕМУН,Упис по основу пријаве пребивалишта,87
10.08.2026,16.08.2026,БЕОГРАД-ЗЕМУН,Промена личних података,9
10.08.2026,16.08.2026,БЕОГРАД-ЗЕМУН,Промена адресе пребивалишта,39
10.08.2026,16.08.2026,БЕОГРАД-ЗЕМУН,Брисање по основу одјаве пребивалишта,47
10.08.2026,16.08.2026,БЕОГРАД-ЗЕМУН,Брисање по основу смрти лица,36
10.08.2026,16.08.2026,БЕОГРАД-ЗЕМУН,Брисање боравишта интерно расељеног лица,1
10.08.2026,16.08.2026,БЕОГРАД-ЗЕМУН,Потврда о упису у бирачки списак,1
10.08.2026,16.08.2026,БЕОГРАД-ЗЕМУН,Брисање по службеној дужности,11
10.08.2026,16.08.2026,БЕОГРАД-ЛАЗАРЕВАЦ,Упис по основу стицања пунолетства,7
10.08.2026,16.08.2026,БЕОГРАД-ЛАЗАРЕВАЦ,Упис по основу пријаве пребивалишта,16
10.08.2026,16.08.2026,БЕОГРАД-ЛАЗАРЕВАЦ,Промена личних података,3
10.08.2026,16.08.2026,БЕОГРАД-ЛАЗАРЕВАЦ,Промена адресе пребивалишта,19
10.08.2026,16.08.2026,БЕОГРАД-ЛАЗАРЕВАЦ,Брисање по основу одјаве пребивалишта,7
10.08.2026,16.08.2026,БЕОГРАД-ЛАЗАРЕВАЦ,Брисање по основу смрти лица,10
10.08.2026,16.08.2026,БЕОГРАД-ЛАЗАРЕВАЦ,Брисање по службеној дужности,4
10.08.2026,16.08.2026,БЕОГРАД-МЛАДЕНОВАЦ,Упис по основу стицања пунолетства,11
10.08.2026,16.08.2026,БЕОГРАД-МЛАДЕНОВАЦ,Упис по основу пријаве пребивалишта,12
10.08.2026,16.08.2026,БЕОГРАД-МЛАДЕНОВАЦ,Упис по основу пријаве боравишта интерно расељеног лица,1
10.08.2026,16.08.2026,БЕОГРАД-МЛАДЕНОВАЦ,Промена личних података,17
10.08.2026,16.08.2026,БЕОГРАД-МЛАДЕНОВАЦ,Промена адресе пребивалишта,27
10.08.2026,16.08.2026,БЕОГРАД-МЛАДЕНОВАЦ,Брисање по основу одјаве пребивалишта,8
10.08.2026,16.08.2026,БЕОГРАД-МЛАДЕНОВАЦ,Брисање по основу смрти лица,11
10.08.2026,16.08.2026,БЕОГРАД-МЛАДЕНОВАЦ,Брисање по службеној дужности,8
10.08.2026,16.08.2026,БЕОГРАД-НОВИ БЕОГРАД,Упис по основу стицања пунолетства,50
10.08.2026,16.08.2026,БЕОГРАД-НОВИ БЕОГРАД,Упис по основу пријаве пребивалишта,96
10.08.2026,16.08.2026,БЕОГРАД-НОВИ БЕОГРАД,Промена личних података,34
10.08.2026,16.08.2026,БЕОГРАД-НОВИ БЕОГРАД,Промена адресе пребивалишта,46
10.08.2026,16.08.2026,БЕОГРАД-НОВИ БЕОГРАД,Брисање по основу отпуста из држављанства,2
10.08.2026,16.08.2026,БЕОГРАД-НОВИ БЕОГРАД,Брисање по основу одјаве пребивалишта,61
10.08.2026,16.08.2026,БЕОГРАД-НОВИ БЕОГРАД,Брисање по основу смрти лица,45
10.08.2026,16.08.2026,БЕОГРАД-НОВИ БЕОГРАД,Брисање по службеној дужности,17
10.08.2026,16.08.2026,БЕОГРАД-ОБРЕНОВАЦ,Упис по основу стицања пунолетства,20
10.08.2026,16.08.2026,БЕОГРАД-ОБРЕНОВАЦ,Упис по основу пријаве пребивалишта,24
10.08.2026,16.08.2026,БЕОГРАД-ОБРЕНОВАЦ,Упис по основу пријема у држављанство,1
10.08.2026,16.08.2026,БЕОГРАД-ОБРЕНОВАЦ,Промена личних података,14
10.08.2026,16.08.2026,БЕОГРАД-ОБРЕНОВАЦ,Промена адресе пребивалишта,50
10.08.2026,16.08.2026,БЕОГРАД-ОБРЕНОВАЦ,Брисање по основу одјаве пребивалишта,5
10.08.2026,16.08.2026,БЕОГРАД-ОБРЕНОВАЦ,Брисање по основу смрти лица,11
10.08.2026,16.08.2026,БЕОГРАД-ОБРЕНОВАЦ,Брисање боравишта интерно расељеног лица,2
10.08.2026,16.08.2026,БЕОГРАД-ОБРЕНОВАЦ,Брисање по службеној дужности,4
10.08.2026,16.08.2026,БЕОГРАД-ПАЛИЛУЛА,Упис по основу стицања пунолетства,46
10.08.2026,16.08.2026,БЕОГРАД-ПАЛИЛУЛА,Упис по основу пријаве пребивалишта,35
10.08.2026,16.08.2026,БЕОГРАД-ПАЛИЛУЛА,Промена личних података,363
10.08.2026,16.08.2026,БЕОГРАД-ПАЛИЛУЛА,Промена адресе пребивалишта,42
10.08.2026,16.08.2026,БЕОГРАД-ПАЛИЛУЛА,Брисање по основу одјаве пребивалишта,78
10.08.2026,16.08.2026,БЕОГРАД-ПАЛИЛУЛА,Брисање по основу смрти лица,40
10.08.2026,16.08.2026,БЕОГРАД-РАКОВИЦА,Упис по основу стицања пунолетства,19
10.08.2026,16.08.2026,БЕОГРАД-РАКОВИЦА,Упис по основу пријаве пребивалишта,92
10.08.2026,16.08.2026,БЕОГРАД-РАКОВИЦА,Промена личних података,19
10.08.2026,16.08.2026,БЕОГРАД-РАКОВИЦА,Промена адресе пребивалишта,32
10.08.2026,16.08.2026,БЕОГРАД-РАКОВИЦА,Брисање по основу одјаве пребивалишта,34
10.08.2026,16.08.2026,БЕОГРАД-РАКОВИЦА,Брисање по основу смрти лица,27
10.08.2026,16.08.2026,БЕОГРАД-РАКОВИЦА,Брисање боравишта интерно расељеног лица,3
10.08.2026,16.08.2026,БЕОГРАД-РАКОВИЦА,Брисање по службеној дужности,24
10.08.2026,16.08.2026,БЕОГРАД-САВСКИ ВЕНАЦ,Упис по основу стицања пунолетства,13
10.08.2026,16.08.2026,БЕОГРАД-САВСКИ ВЕНАЦ,Упис по основу пријаве пребивалишта,33
10.08.2026,16.08.2026,БЕОГРАД-САВСКИ ВЕНАЦ,Упис по основу пријема у држављанство,1
10.08.2026,16.08.2026,БЕОГРАД-САВСКИ ВЕНАЦ,Промена личних података,1
10.08.2026,16.08.2026,БЕОГРАД-САВСКИ ВЕНАЦ,Промена адресе пребивалишта,4
10.08.2026,16.08.2026,БЕОГРАД-САВСКИ ВЕНАЦ,Брисање по основу одјаве пребивалишта,21
10.08.2026,16.08.2026,БЕОГРАД-САВСКИ ВЕНАЦ,Брисање по основу смрти лица,11
10.08.2026,16.08.2026,БЕОГРАД-СОПОТ,Упис по основу стицања пунолетства,4
10.08.2026,16.08.2026,БЕОГРАД-СОПОТ,Упис по основу пријаве пребивалишта,3
10.08.2026,16.08.2026,БЕОГРАД-СОПОТ,Промена личних података,11
10.08.2026,16.08.2026,БЕОГРАД-СОПОТ,Промена адресе пребивалишта,7
10.08.2026,16.08.2026,БЕОГРАД-СОПОТ,Брисање по основу одјаве пребивалишта,5
10.08.2026,16.08.2026,БЕОГРАД-СОПОТ,Брисање по основу смрти лица,6
10.08.2026,16.08.2026,БЕОГРАД-СТАРИ ГРАД,Упис по основу стицања пунолетства,4
10.08.2026,16.08.2026,БЕОГРАД-СТАРИ ГРАД,Упис по основу пријаве пребивалишта,9
10.08.2026,16.08.2026,БЕОГРАД-СТАРИ ГРАД,Промена личних података,7
10.08.2026,16.08.2026,БЕОГРАД-СТАРИ ГРАД,Промена адресе пребивалишта,4
10.08.2026,16.08.2026,БЕОГРАД-СТАРИ ГРАД,Брисање по основу одјаве пребивалишта,24
10.08.2026,16.08.2026,БЕОГРАД-СТАРИ ГРАД,Брисање по основу смрти лица,10
10.08.2026,16.08.2026,БЕОГРАД-СТАРИ ГРАД,Брисање боравишта интерно расељеног лица,58
10.08.2026,16.08.2026,БЕОГРАД-СУРЧИН,Упис по основу стицања пунолетства,14
10.08.2026,16.08.2026,БЕОГРАД-СУРЧИН,Упис по основу пријаве пребивалишта,37
10.08.2026,16.08.2026,БЕОГРАД-СУРЧИН,Промена личних података,4
10.08.2026,16.08.2026,БЕОГРАД-СУРЧИН,Промена адресе пребивалишта,16
10.08.2026,16.08.2026,БЕОГРАД-СУРЧИН,Брисање по основу одјаве пребивалишта,4
10.08.2026,16.08.2026,БЕОГРАД-СУРЧИН,Брисање по основу смрти лица,13
10.08.2026,16.08.2026,БЕОГРАД-СУРЧИН,Брисање по службеној дужности,11
10.08.2026,16.08.2026,БЕОГРАД-ЧУКАРИЦА,Упис по основу стицања пунолетства,55
10.08.2026,16.08.2026,БЕОГРАД-ЧУКАРИЦА,Упис по основу пријаве пребивалишта,83
10.08.2026,16.08.2026,БЕОГРАД-ЧУКАРИЦА,Промена личних података,21
10.08.2026,16.08.2026,БЕОГРАД-ЧУКАРИЦА,Промена адресе пребивалишта,48
10.08.2026,16.08.2026,БЕОГРАД-ЧУКАРИЦА,Промена адресе боравишта интерно расељеног лица,2
10.08.2026,16.08.2026,БЕОГРАД-ЧУКАРИЦА,Брисање по основу одјаве пребивалишта,64
10.08.2026,16.08.2026,БЕОГРАД-ЧУКАРИЦА,Брисање по основу смрти лица,46
10.08.2026,16.08.2026,БЕОГРАД-ЧУКАРИЦА,Брисање по службеној дужности,8
10.08.2026,16.08.2026,БЕОЧИН,Упис по основу стицања пунолетства,4
10.08.2026,16.08.2026,БЕОЧИН,Упис по основу пријаве пребивалишта,7
10.08.2026,16.08.2026,БЕОЧИН,Промена личних података,5
10.08.2026,16.08.2026,БЕОЧИН,Промена адресе пребивалишта,8
10.08.2026,16.08.2026,БЕОЧИН,Брисање по основу одјаве пребивалишта,4
10.08.2026,16.08.2026,БЕОЧИН,Брисање по основу смрти лица,4
10.08.2026,16.08.2026,БЕЧЕЈ,Упис по основу стицања пунолетства,8
10.08.2026,16.08.2026,БЕЧЕЈ,Упис по основу пријаве пребивалишта,4
10.08.2026,16.08.2026,БЕЧЕЈ,Промена личних података,51
10.08.2026,16.08.2026,БЕЧЕЈ,Промена адресе пребивалишта,27
10.08.2026,16.08.2026,БЕЧЕЈ,Брисање по основу дуплог уписа,1
10.08.2026,16.08.2026,БЕЧЕЈ,Брисање по основу одјаве пребивалишта,3
10.08.2026,16.08.2026,БЕЧЕЈ,Брисање по основу смрти лица,13
10.08.2026,16.08.2026,БЕЧЕЈ,Исправка техничке грешке,1
10.08.2026,16.08.2026,БЛАЦЕ,Упис по основу стицања пунолетства,2
10.08.2026,16.08.2026,БЛАЦЕ,Упис по основу пријаве пребивалишта,1
10.08.2026,16.08.2026,БЛАЦЕ,Промена адресе пребивалишта,6
10.08.2026,16.08.2026,БЛАЦЕ,Брисање по основу одјаве пребивалишта,1
10.08.2026,16.08.2026,БЛАЦЕ,Брисање по основу смрти лица,2
10.08.2026,16.08.2026,БОГАТИЋ,Упис по основу стицања пунолетства,6
10.08.2026,16.08.2026,БОГАТИЋ,Упис по основу пријаве пребивалишта,4
10.08.2026,16.08.2026,БОГАТИЋ,Промена личних података,3
10.08.2026,16.08.2026,БОГАТИЋ,Промена адресе пребивалишта,5
10.08.2026,16.08.2026,БОГАТИЋ,Брисање по основу одјаве пребивалишта,5
10.08.2026,16.08.2026,БОГАТИЋ,Брисање по основу смрти лица,13
10.08.2026,16.08.2026,БОЈНИК,Упис по основу стицања пунолетства,6
10.08.2026,16.08.2026,БОЈНИК,Промена личних података,1
10.08.2026,16.08.2026,БОЈНИК,Промена адресе пребивалишта,8
10.08.2026,16.08.2026,БОЈНИК,Брисање по основу одјаве пребивалишта,3
10.08.2026,16.08.2026,БОЈНИК,Брисање по основу смрти лица,4
10.08.2026,16.08.2026,БОЉЕВАЦ,Упис по основу стицања пунолетства,3
10.08.2026,16.08.2026,БОЉЕВАЦ,Упис по основу пријаве пребивалишта,2
10.08.2026,16.08.2026,БОЉЕВАЦ,Промена личних података,4
10.08.2026,16.08.2026,БОЉЕВАЦ,Промена адресе пребивалишта,1
10.08.2026,16.08.2026,БОЉЕВАЦ,Брисање по основу одјаве пребивалишта,2
10.08.2026,16.08.2026,БОЉЕВАЦ,Брисање по основу смрти лица,5
10.08.2026,16.08.2026,БОР - ГРАД,Упис по основу стицања пунолетства,11
10.08.2026,16.08.2026,БОР - ГРАД,Упис по основу пријаве пребивалишта,3
10.08.2026,16.08.2026,БОР - ГРАД,Упис по основу пријема у држављанство,1
10.08.2026,16.08.2026,БОР - ГРАД,Промена личних података,9
10.08.2026,16.08.2026,БОР - ГРАД,Промена адресе пребивалишта,12
10.08.2026,16.08.2026,БОР - ГРАД,Брисање по основу одјаве пребивалишта,4
10.08.2026,16.08.2026,БОР - ГРАД,Брисање по основу смрти лица,11
10.08.2026,16.08.2026,БОСИЛЕГРАД,Упис по основу стицања пунолетства,1
10.08.2026,16.08.2026,БОСИЛЕГРАД,Упис по основу пријаве пребивалишта,1
10.08.2026,16.08.2026,БОСИЛЕГРАД,Промена личних података,3
10.08.2026,16.08.2026,БОСИЛЕГРАД,Промена адресе пребивалишта,18
10.08.2026,16.08.2026,БОСИЛЕГРАД,Брисање по основу одјаве пребивалишта,1
10.08.2026,16.08.2026,БОСИЛЕГРАД,Брисање по основу губитка пословне способности,1
10.08.2026,16.08.2026,БОСИЛЕГРАД,Брисање по основу смрти лица,2
10.08.2026,16.08.2026,БОСИЛЕГРАД,Брисање по службеној дужности,2
10.08.2026,16.08.2026,БРУС,Упис по основу стицања пунолетства,1
10.08.2026,16.08.2026,БРУС,Упис по основу пријаве пребивалишта,1
10.08.2026,16.08.2026,БРУС,Промена личних података,1
10.08.2026,16.08.2026,БРУС,Промена адресе пребивалишта,23
10.08.2026,16.08.2026,БРУС,Брисање по основу одјаве пребивалишта,3
10.08.2026,16.08.2026,БРУС,Брисање по основу смрти лица,6
10.08.2026,16.08.2026,БУЈАНОВАЦ,Упис по основу стицања пунолетства,13
10.08.2026,16.08.2026,БУЈАНОВАЦ,Упис по основу пријаве пребивалишта,36
10.08.2026,16.08.2026,БУЈАНОВАЦ,Упис по основу пријаве боравишта интерно расељеног лица,1
10.08.2026,16.08.2026,БУЈАНОВАЦ,Промена личних података,43
10.08.2026,16.08.2026,БУЈАНОВАЦ,Промена адресе пребивалишта,118
10.08.2026,16.08.2026,БУЈАНОВАЦ,Брисање по основу одјаве пребивалишта,1
10.08.2026,16.08.2026,БУЈАНОВАЦ,Брисање по основу смрти лица,4
10.08.2026,16.08.2026,БУЈАНОВАЦ,Исправка техничке грешке,1
10.08.2026,16.08.2026,ВАЉЕВО - ГРАД,Упис по основу стицања пунолетства,15
10.08.2026,16.08.2026,ВАЉЕВО - ГРАД,Упис по основу пријаве пребивалишта,13
10.08.2026,16.08.2026,ВАЉЕВО - ГРАД,Промена личних података,18
10.08.2026,16.08.2026,ВАЉЕВО - ГРАД,Промена адресе пребивалишта,20
10.08.2026,16.08.2026,ВАЉЕВО - ГРАД,Брисање по основу одјаве пребивалишта,12
10.08.2026,16.08.2026,ВАЉЕВО - ГРАД,Брисање по основу смрти лица,21
10.08.2026,16.08.2026,ВАРВАРИН,Упис по основу стицања пунолетства,5
10.08.2026,16.08.2026,ВАРВАРИН,Упис по основу пријаве пребивалишта,7
10.08.2026,16.08.2026,ВАРВАРИН,Промена личних података,1
10.08.2026,16.08.2026,ВАРВАРИН,Промена адресе пребивалишта,35
10.08.2026,16.08.2026,ВАРВАРИН,Брисање по основу одјаве пребивалишта,2
10.08.2026,16.08.2026,ВАРВАРИН,Брисање по основу смрти лица,10
10.08.2026,16.08.2026,ВЕЛИКА ПЛАНА,Упис по основу стицања пунолетства,7
10.08.2026,16.08.2026,ВЕЛИКА ПЛАНА,Упис по основу пријаве пребивалишта,21
10.08.2026,16.08.2026,ВЕЛИКА ПЛАНА,Промена личних података,6
10.08.2026,16.08.2026,ВЕЛИКА ПЛАНА,Промена адресе пребивалишта,26
10.08.2026,16.08.2026,ВЕЛИКА ПЛАНА,Промена адресе боравишта интерно расељеног лица,1
10.08.2026,16.08.2026,ВЕЛИКА ПЛАНА,Брисање по основу одјаве пребивалишта,7
10.08.2026,16.08.2026,ВЕЛИКА ПЛАНА,Брисање по основу смрти лица,29
10.08.2026,16.08.2026,ВЕЛИКА ПЛАНА,Брисање боравишта интерно расељеног лица,4
10.08.2026,16.08.2026,ВЕЛИКА ПЛАНА,Исправка техничке грешке,1
10.08.2026,16.08.2026,ВЕЛИКО ГРАДИШТЕ,Упис по основу стицања пунолетства,5
10.08.2026,16.08.2026,ВЕЛИКО ГРАДИШТЕ,Упис по основу пријаве пребивалишта,14
10.08.2026,16.08.2026,ВЕЛИКО ГРАДИШТЕ,Упис по основу пријема у држављанство,1
10.08.2026,16.08.2026,ВЕЛИКО ГРАДИШТЕ,Промена личних података,16
10.08.2026,16.08.2026,ВЕЛИКО ГРАДИШТЕ,Промена адресе пребивалишта,29
10.08.2026,16.08.2026,ВЕЛИКО ГРАДИШТЕ,Брисање по основу одјаве пребивалишта,1
10.08.2026,16.08.2026,ВЕЛИКО ГРАДИШТЕ,Брисање по основу смрти лица,3
10.08.2026,16.08.2026,ВЕЛИКО ГРАДИШТЕ,Исправка техничке грешке,1
10.08.2026,16.08.2026,ВИТИНА,Брисање по основу одјаве пребивалишта,3
10.08.2026,16.08.2026,ВЛАДИМИРЦИ,Упис по основу стицања пунолетства,3
10.08.2026,16.08.2026,ВЛАДИМИРЦИ,Упис по основу пријаве пребивалишта,9
10.08.2026,16.08.2026,ВЛАДИМИРЦИ,Промена адресе пребивалишта,13
10.08.2026,16.08.2026,ВЛАДИМИРЦИ,Брисање по основу одјаве пребивалишта,3
10.08.2026,16.08.2026,ВЛАДИМИРЦИ,Брисање по основу смрти лица,8
10.08.2026,16.08.2026,ВЛАДИЧИН ХАН,Упис по основу стицања пунолетства,2
10.08.2026,16.08.2026,ВЛАДИЧИН ХАН,Упис по основу пријаве пребивалишта,3
10.08.2026,16.08.2026,ВЛАДИЧИН ХАН,Промена личних података,3
10.08.2026,16.08.2026,ВЛАДИЧИН ХАН,Промена адресе пребивалишта,38
10.08.2026,16.08.2026,ВЛАДИЧИН ХАН,Брисање по основу одјаве пребивалишта,2
10.08.2026,16.08.2026,ВЛАДИЧИН ХАН,Брисање по основу смрти лица,5
10.08.2026,16.08.2026,ВЛАДИЧИН ХАН,Брисање по службеној дужности,15
10.08.2026,16.08.2026,ВЛАСОТИНЦЕ,Брисање по основу одјаве пребивалишта,2
10.08.2026,16.08.2026,ВРАЊЕ - ГРАД,Упис по основу стицања пунолетства,15
10.08.2026,16.08.2026,ВРАЊЕ - ГРАД,Упис по основу пријаве пребивалишта,16
10.08.2026,16.08.2026,ВРАЊЕ - ГРАД,Промена личних података,3
10.08.2026,16.08.2026,ВРАЊЕ - ГРАД,Промена адресе пребивалишта,76
10.08.2026,16.08.2026,ВРАЊЕ - ГРАД,Брисање по основу одјаве пребивалишта,8
10.08.2026,16.08.2026,ВРАЊЕ - ГРАД,Брисање по основу смрти лица,19
10.08.2026,16.08.2026,ВРАЊЕ - ГРАД,Брисање боравишта интерно расељеног лица,1
10.08.2026,16.08.2026,ВРАЊЕ-ВРАЊСКА БАЊА,Упис по основу стицања пунолетства,3
10.08.2026,16.08.2026,ВРАЊЕ-ВРАЊСКА БАЊА,Упис по основу пријаве пребивалишта,1
10.08.2026,16.08.2026,ВРАЊЕ-ВРАЊСКА БАЊА,Промена личних података,1
10.08.2026,16.08.2026,ВРАЊЕ-ВРАЊСКА БАЊА,Промена адресе пребивалишта,20
10.08.2026,16.08.2026,ВРАЊЕ-ВРАЊСКА БАЊА,Брисање по основу одјаве пребивалишта,3
10.08.2026,16.08.2026,ВРАЊЕ-ВРАЊСКА БАЊА,Брисање по основу смрти лица,3
10.08.2026,16.08.2026,ВРАЊЕ-ВРАЊСКА БАЊА,Брисање по службеној дужности,1
10.08.2026,16.08.2026,ВРБАС,Упис по основу стицања пунолетства,22
10.08.2026,16.08.2026,ВРБАС,Упис по основу пријаве пребивалишта,23
10.08.2026,16.08.2026,ВРБАС,Промена личних података,10
10.08.2026,16.08.2026,ВРБАС,Промена адресе пребивалишта,29
10.08.2026,16.08.2026,ВРБАС,Брисање по основу одјаве пребивалишта,10
10.08.2026,16.08.2026,ВРБАС,Брисање по основу смрти лица,23
10.08.2026,16.08.2026,ВРБАС,Исправка техничке грешке,1
10.08.2026,16.08.2026,ВРЊАЧКА БАЊА,Упис по основу стицања пунолетства,2
10.08.2026,16.08.2026,ВРЊАЧКА БАЊА,Упис по основу пријаве пребивалишта,3
10.08.2026,16.08.2026,ВРЊАЧКА БАЊА,Промена личних података,2
10.08.2026,16.08.2026,ВРЊАЧКА БАЊА,Промена адресе пребивалишта,21
10.08.2026,16.08.2026,ВРЊАЧКА БАЊА,Брисање по основу одјаве пребивалишта,6
10.08.2026,16.08.2026,ВРЊАЧКА БАЊА,Брисање по основу губитка пословне способности,3
10.08.2026,16.08.2026,ВРЊАЧКА БАЊА,Брисање по основу смрти лица,9
10.08.2026,16.08.2026,ВРЊАЧКА БАЊА,Брисање боравишта интерно расељеног лица,1
10.08.2026,16.08.2026,ВРЊАЧКА БАЊА,Брисање по службеној дужности,1
10.08.2026,16.08.2026,ВРШАЦ - ГРАД,Упис по основу стицања пунолетства,12
10.08.2026,16.08.2026,ВРШАЦ - ГРАД,Упис по основу пријаве пребивалишта,10
10.08.2026,16.08.2026,ВРШАЦ - ГРАД,Промена личних података,5
10.08.2026,16.08.2026,ВРШАЦ - ГРАД,Промена адресе пребивалишта,11
10.08.2026,16.08.2026,ВРШАЦ - ГРАД,Брисање по основу одјаве пребивалишта,7
10.08.2026,16.08.2026,ВРШАЦ - ГРАД,Брисање по основу смрти лица,18
10.08.2026,16.08.2026,ВРШАЦ - ГРАД,Брисање по службеној дужности,1
10.08.2026,16.08.2026,ВУЧИТРН,Брисање по основу одјаве пребивалишта,1
10.08.2026,16.08.2026,ГАЏИН ХАН,Упис по основу стицања пунолетства,2
10.08.2026,16.08.2026,ГАЏИН ХАН,Упис по основу пријаве пребивалишта,3
10.08.2026,16.08.2026,ГАЏИН ХАН,Промена адресе пребивалишта,11
10.08.2026,16.08.2026,ГАЏИН ХАН,Брисање по основу одјаве пребивалишта,1
10.08.2026,16.08.2026,ГАЏИН ХАН,Брисање по основу смрти лица,2
10.08.2026,16.08.2026,ГЊИЛАНЕ,Упис по основу стицања пунолетства,3
10.08.2026,16.08.2026,ГЊИЛАНЕ,Промена личних података,2
10.08.2026,16.08.2026,ГЊИЛАНЕ,Промена адресе пребивалишта,1
10.08.2026,16.08.2026,ГЊИЛАНЕ,Брисање по основу одјаве пребивалишта,10
10.08.2026,16.08.2026,ГЊИЛАНЕ,Брисање по основу смрти лица,2
10.08.2026,16.08.2026,ГОЛУБАЦ,Упис по основу стицања пунолетства,1
10.08.2026,16.08.2026,ГОЛУБАЦ,Упис по основу пријаве пребивалишта,3
10.08.2026,16.08.2026,ГОЛУБАЦ,Промена личних података,2
10.08.2026,16.08.2026,ГОЛУБАЦ,Промена адресе пребивалишта,31
10.08.2026,16.08.2026,ГОЛУБАЦ,Брисање по основу одјаве пребивалишта,2
10.08.2026,16.08.2026,ГОЛУБАЦ,Брисање по основу смрти лица,1
10.08.2026,16.08.2026,ГОРА,Брисање по основу одјаве пребивалишта,1
10.08.2026,16.08.2026,ГОРЊИ МИЛАНОВАЦ,Упис по основу стицања пунолетства,15
10.08.2026,16.08.2026,ГОРЊИ МИЛАНОВАЦ,Упис по основу пријаве пребивалишта,6
10.08.2026,16.08.2026,ГОРЊИ МИЛАНОВАЦ,Упис по основу пријема у држављанство,1
10.08.2026,16.08.2026,ГОРЊИ МИЛАНОВАЦ,Упис по основу пријаве боравишта интерно расељеног лица,1
10.08.2026,16.08.2026,ГОРЊИ МИЛАНОВАЦ,Промена личних података,9
10.08.2026,16.08.2026,ГОРЊИ МИЛАНОВАЦ,Промена адресе пребивалишта,25
10.08.2026,16.08.2026,ГОРЊИ МИЛАНОВАЦ,Промена адресе боравишта интерно расељеног лица,1
10.08.2026,16.08.2026,ГОРЊИ МИЛАНОВАЦ,Брисање по основу одјаве пребивалишта,5
10.08.2026,16.08.2026,ГОРЊИ МИЛАНОВАЦ,Брисање по основу губитка пословне способности,2
10.08.2026,16.08.2026,ГОРЊИ МИЛАНОВАЦ,Брисање по основу смрти лица,9
10.08.2026,16.08.2026,ДЕСПОТОВАЦ,Упис по основу стицања пунолетства,5
10.08.2026,16.08.2026,ДЕСПОТОВАЦ,Упис по основу пријаве пребивалишта,5
10.08.2026,16.08.2026,ДЕСПОТОВАЦ,Промена личних података,8
10.08.2026,16.08.2026,ДЕСПОТОВАЦ,Промена адресе пребивалишта,11
10.08.2026,16.08.2026,ДЕСПОТОВАЦ,Брисање по основу одјаве пребивалишта,1
10.08.2026,16.08.2026,ДЕСПОТОВАЦ,Брисање по основу смрти лица,6
10.08.2026,16.08.2026,ДИМИТРОВГРАД,Упис по основу стицања пунолетства,3
10.08.2026,16.08.2026,ДИМИТРОВГРАД,Упис по основу пријаве пребивалишта,4
10.08.2026,16.08.2026,ДИМИТРОВГРАД,Промена личних података,2
10.08.2026,16.08.2026,ДИМИТРОВГРАД,Промена адресе пребивалишта,7
10.08.2026,16.08.2026,ДИМИТРОВГРАД,Брисање по основу одјаве пребивалишта,1
10.08.2026,16.08.2026,ДИМИТРОВГРАД,Брисање по основу смрти лица,4
10.08.2026,16.08.2026,ДОЉЕВАЦ,Брисање по основу одјаве пребивалишта,2
10.08.2026,16.08.2026,ДОЉЕВАЦ,Брисање по основу смрти лица,10
10.08.2026,16.08.2026,ЖАБАЉ,Упис по основу стицања пунолетства,5
10.08.2026,16.08.2026,ЖАБАЉ,Упис по основу пријаве пребивалишта,8
10.08.2026,16.08.2026,ЖАБАЉ,Промена личних података,2
10.08.2026,16.08.2026,ЖАБАЉ,Промена адресе пребивалишта,6
10.08.2026,16.08.2026,ЖАБАЉ,Брисање по основу одјаве пребивалишта,5
10.08.2026,16.08.2026,ЖАБАЉ,Брисање по основу смрти лица,9
10.08.2026,16.08.2026,ЖАБАРИ,Упис по основу стицања пунолетства,2
10.08.2026,16.08.2026,ЖАБАРИ,Упис по основу пријаве пребивалишта,5
10.08.2026,16.08.2026,ЖАБАРИ,Промена личних података,1
10.08.2026,16.08.2026,ЖАБАРИ,Промена адресе пребивалишта,20
10.08.2026,16.08.2026,ЖАБАРИ,Брисање по основу одјаве пребивалишта,2
10.08.2026,16.08.2026,ЖАБАРИ,Брисање по основу смрти лица,2
10.08.2026,16.08.2026,ЖАГУБИЦА,Упис по основу стицања пунолетства,3
10.08.2026,16.08.2026,ЖАГУБИЦА,Упис по основу пријаве пребивалишта,8
10.08.2026,16.08.2026,ЖАГУБИЦА,Промена адресе пребивалишта,41
10.08.2026,16.08.2026,ЖАГУБИЦА,Брисање по основу смрти лица,1
10.08.2026,16.08.2026,ЖИТИШТЕ,Упис по основу стицања пунолетства,9
10.08.2026,16.08.2026,ЖИТИШТЕ,Упис по основу пријаве пребивалишта,6
10.08.2026,16.08.2026,ЖИТИШТЕ,Промена личних података,1
10.08.2026,16.08.2026,ЖИТИШТЕ,Промена адресе пребивалишта,9
10.08.2026,16.08.2026,ЖИТИШТЕ,Брисање по основу одјаве пребивалишта,1
10.08.2026,16.08.2026,ЖИТИШТЕ,Брисање по основу смрти лица,3
10.08.2026,16.08.2026,ЖИТОРАЂА,Упис по основу стицања пунолетства,2
10.08.2026,16.08.2026,ЖИТОРАЂА,Упис по основу пријаве пребивалишта,5
10.08.2026,16.08.2026,ЖИТОРАЂА,Промена личних података,2
10.08.2026,16.08.2026,ЖИТОРАЂА,Промена адресе пребивалишта,4
10.08.2026,16.08.2026,ЖИТОРАЂА,Брисање по основу одјаве пребивалишта,3
10.08.2026,16.08.2026,ЖИТОРАЂА,Брисање по основу смрти лица,1
10.08.2026,16.08.2026,ЗАЈЕЧАР - ГРАД,Упис по основу стицања пунолетства,7
10.08.2026,16.08.2026,ЗАЈЕЧАР - ГРАД,Упис по основу пријаве пребивалишта,9
10.08.2026,16.08.2026,ЗАЈЕЧАР - ГРАД,Упис по основу пријема у држављанство,1
10.08.2026,16.08.2026,ЗАЈЕЧАР - ГРАД,Промена личних података,11
10.08.2026,16.08.2026,ЗАЈЕЧАР - ГРАД,Промена адресе пребивалишта,11
10.08.2026,16.08.2026,ЗАЈЕЧАР - ГРАД,Брисање по основу одјаве пребивалишта,7
10.08.2026,16.08.2026,ЗАЈЕЧАР - ГРАД,Брисање по основу смрти лица,19
10.08.2026,16.08.2026,ЗВЕЧАН,Упис по основу стицања пунолетства,3
10.08.2026,16.08.2026,ЗВЕЧАН,Упис по основу пријаве пребивалишта,6
10.08.2026,16.08.2026,ЗВЕЧАН,Промена личних података,1
10.08.2026,16.08.2026,ЗВЕЧАН,Брисање по основу одјаве пребивалишта,2
10.08.2026,16.08.2026,ЗВЕЧАН,Брисање по основу смрти лица,5
10.08.2026,16.08.2026,ЗРЕЊАНИН - ГРАД,Упис по основу стицања пунолетства,30
10.08.2026,16.08.2026,ЗРЕЊАНИН - ГРАД,Упис по основу пријаве пребивалишта,23
10.08.2026,16.08.2026,ЗРЕЊАНИН - ГРАД,Промена личних података,17
10.08.2026,16.08.2026,ЗРЕЊАНИН - ГРАД,Промена адресе пребивалишта,51
10.08.2026,16.08.2026,ЗРЕЊАНИН - ГРАД,Брисање по основу одјаве пребивалишта,16
10.08.2026,16.08.2026,ЗРЕЊАНИН - ГРАД,Брисање по основу смрти лица,39
10.08.2026,16.08.2026,ЗРЕЊАНИН - ГРАД,Брисање по службеној дужности,7
10.08.2026,16.08.2026,ЗУБИН ПОТОК,Брисање по основу одјаве пребивалишта,2
10.08.2026,16.08.2026,ЗУБИН ПОТОК,Брисање по основу смрти лица,3
10.08.2026,16.08.2026,ЗУБИН ПОТОК,Брисање боравишта интерно расељеног лица,1
10.08.2026,16.08.2026,ИВАЊИЦА,Упис по основу стицања пунолетства,9
10.08.2026,16.08.2026,ИВАЊИЦА,Промена личних података,1
10.08.2026,16.08.2026,ИВАЊИЦА,Промена адресе пребивалишта,2
10.08.2026,16.08.2026,ИВАЊИЦА,Брисање по основу одјаве пребивалишта,4
10.08.2026,16.08.2026,ИВАЊИЦА,Брисање по основу смрти лица,4
10.08.2026,16.08.2026,ИВАЊИЦА,Исправка техничке грешке,1
10.08.2026,16.08.2026,ИНЂИЈА,Упис по основу стицања пунолетства,12
10.08.2026,16.08.2026,ИНЂИЈА,Упис по основу пријаве пребивалишта,18
10.08.2026,16.08.2026,ИНЂИЈА,Промена личних података,5
10.08.2026,16.08.2026,ИНЂИЈА,Промена адресе пребивалишта,26
10.08.2026,16.08.2026,ИНЂИЈА,Брисање по основу одјаве пребивалишта,6
10.08.2026,16.08.2026,ИНЂИЈА,Брисање по основу смрти лица,9
10.08.2026,16.08.2026,ИНЂИЈА,Брисање по службеној дужности,1
10.08.2026,16.08.2026,ИРИГ,Упис по основу стицања пунолетства,4
10.08.2026,16.08.2026,ИРИГ,Упис по основу пријаве пребивалишта,9
10.08.2026,16.08.2026,ИРИГ,Промена личних података,2
10.08.2026,16.08.2026,ИРИГ,Промена адресе пребивалишта,9
10.08.2026,16.08.2026,ИРИГ,Брисање по основу одјаве пребивалишта,3
10.08.2026,16.08.2026,ИРИГ,Брисање по основу смрти лица,3
10.08.2026,16.08.2026,ИСТОК,Брисање по основу одјаве пребивалишта,3
10.08.2026,16.08.2026,ЈАГОДИНА - ГРАД,Упис по основу стицања пунолетства,25
10.08.2026,16.08.2026,ЈАГОДИНА - ГРАД,Упис по основу пријаве пребивалишта,15
10.08.2026,16.08.2026,ЈАГОДИНА - ГРАД,Промена личних података,9
10.08.2026,16.08.2026,ЈАГОДИНА - ГРАД,Промена адресе пребивалишта,124
10.08.2026,16.08.2026,ЈАГОДИНА - ГРАД,Промена адресе боравишта интерно расељеног лица,1
10.08.2026,16.08.2026,ЈАГОДИНА - ГРАД,Брисање по основу одјаве пребивалишта,7
10.08.2026,16.08.2026,ЈАГОДИНА - ГРАД,Брисање по основу смрти лица,19
10.08.2026,16.08.2026,ЈАГОДИНА - ГРАД,Брисање боравишта интерно расељеног лица,1
10.08.2026,16.08.2026,ЈАГОДИНА - ГРАД,Брисање по службеној дужности,1
10.08.2026,16.08.2026,КАЊИЖА,Упис по основу стицања пунолетства,3
10.08.2026,16.08.2026,КАЊИЖА,Упис по основу пријаве пребивалишта,11
10.08.2026,16.08.2026,КАЊИЖА,Промена личних података,13
10.08.2026,16.08.2026,КАЊИЖА,Промена адресе пребивалишта,6
10.08.2026,16.08.2026,КАЊИЖА,Брисање по основу одјаве пребивалишта,5
10.08.2026,16.08.2026,КАЊИЖА,Брисање по основу смрти лица,7
10.08.2026,16.08.2026,КИКИНДА - ГРАД,Упис по основу стицања пунолетства,17
10.08.2026,16.08.2026,КИКИНДА - ГРАД,Упис по основу пријаве пребивалишта,8
10.08.2026,16.08.2026,КИКИНДА - ГРАД,Промена личних података,3
10.08.2026,16.08.2026,КИКИНДА - ГРАД,Промена адресе пребивалишта,24
10.08.2026,16.08.2026,КИКИНДА - ГРАД,Брисање по основу одјаве пребивалишта,8
10.08.2026,16.08.2026,КИКИНДА - ГРАД,Брисање по основу смрти лица,16
10.08.2026,16.08.2026,КИКИНДА - ГРАД,Брисање по службеној дужности,1
10.08.2026,16.08.2026,КЛАДОВО,Упис по основу стицања пунолетства,8
10.08.2026,16.08.2026,КЛАДОВО,Упис по основу пријаве пребивалишта,9
10.08.2026,16.08.2026,КЛАДОВО,Промена личних података,9
10.08.2026,16.08.2026,КЛАДОВО,Промена адресе пребивалишта,35
10.08.2026,16.08.2026,КЛАДОВО,Брисање по основу одјаве пребивалишта,4
10.08.2026,16.08.2026,КЛАДОВО,Брисање по основу смрти лица,6
10.08.2026,16.08.2026,КЛАДОВО,Исправка техничке грешке,1
10.08.2026,16.08.2026,КЛИНА,Упис по основу пријаве пребивалишта,1
10.08.2026,16.08.2026,КЛИНА,Брисање по основу одјаве пребивалишта,1
10.08.2026,16.08.2026,КНИЋ,Упис по основу стицања пунолетства,2
10.08.2026,16.08.2026,КНИЋ,Упис по основу пријаве пребивалишта,5
10.08.2026,16.08.2026,КНИЋ,Промена личних података,3
10.08.2026,16.08.2026,КНИЋ,Промена адресе пребивалишта,21
10.08.2026,16.08.2026,КНИЋ,Брисање по основу одјаве пребивалишта,4
10.08.2026,16.08.2026,КНИЋ,Брисање по основу смрти лица,8
10.08.2026,16.08.2026,КЊАЖЕВАЦ,Упис по основу стицања пунолетства,2
10.08.2026,16.08.2026,КЊАЖЕВАЦ,Упис по основу пријаве пребивалишта,3
10.08.2026,16.08.2026,КЊАЖЕВАЦ,Промена личних података,4
10.08.2026,16.08.2026,КЊАЖЕВАЦ,Промена адресе пребивалишта,31
10.08.2026,16.08.2026,КЊАЖЕВАЦ,Брисање по основу одјаве пребивалишта,5
10.08.2026,16.08.2026,КЊАЖЕВАЦ,Брисање по основу смрти лица,10
10.08.2026,16.08.2026,КОВАЧИЦА,Упис по основу стицања пунолетства,5
10.08.2026,16.08.2026,КОВАЧИЦА,Упис по основу пријаве пребивалишта,3
10.08.2026,16.08.2026,КОВАЧИЦА,Упис по основу пријема у држављанство,1
10.08.2026,16.08.2026,КОВАЧИЦА,Промена личних података,3
10.08.2026,16.08.2026,КОВАЧИЦА,Промена адресе пребивалишта,8
10.08.2026,16.08.2026,КОВАЧИЦА,Брисање по основу одјаве пребивалишта,2
10.08.2026,16.08.2026,КОВАЧИЦА,Брисање по основу смрти лица,9
10.08.2026,16.08.2026,КОВАЧИЦА,Брисање по службеној дужности,1
10.08.2026,16.08.2026,КОВИН,Упис по основу стицања пунолетства,19
10.08.2026,16.08.2026,КОВИН,Упис по основу пријаве пребивалишта,4
10.08.2026,16.08.2026,КОВИН,Упис по основу пријема у држављанство,2
10.08.2026,16.08.2026,КОВИН,Промена личних података,3
10.08.2026,16.08.2026,КОВИН,Промена адресе пребивалишта,12
10.08.2026,16.08.2026,КОВИН,Брисање по основу одјаве пребивалишта,7
10.08.2026,16.08.2026,КОВИН,Брисање по основу смрти лица,10
10.08.2026,16.08.2026,КОСЈЕРИЋ,Упис по основу стицања пунолетства,2
10.08.2026,16.08.2026,КОСЈЕРИЋ,Упис по основу пријаве пребивалишта,2
10.08.2026,16.08.2026,КОСЈЕРИЋ,Промена личних података,1
10.08.2026,16.08.2026,КОСЈЕРИЋ,Промена адресе пребивалишта,10
10.08.2026,16.08.2026,КОСЈЕРИЋ,Брисање по основу одјаве пребивалишта,2
10.08.2026,16.08.2026,КОСЈЕРИЋ,Брисање по основу смрти лица,2
10.08.2026,16.08.2026,КОСОВО ПОЉЕ,Брисање по основу одјаве пребивалишта,2
10.08.2026,16.08.2026,КОСОВО ПОЉЕ,Брисање по основу смрти лица,1
10.08.2026,16.08.2026,КОСОВСКА КАМЕНИЦА,Упис по основу стицања пунолетства,1
10.08.2026,16.08.2026,КОСОВСКА КАМЕНИЦА,Брисање по основу одјаве пребивалишта,2
10.08.2026,16.08.2026,КОСОВСКА МИТРОВИЦА,Упис по основу стицања пунолетства,5
10.08.2026,16.08.2026,КОСОВСКА МИТРОВИЦА,Брисање по основу одјаве пребивалишта,12
10.08.2026,16.08.2026,КОСОВСКА МИТРОВИЦА,Брисање по основу смрти лица,2
10.08.2026,16.08.2026,КОСОВСКА МИТРОВИЦА,Брисање боравишта интерно расељеног лица,1
10.08.2026,16.08.2026,КОЦЕЉЕВА,Упис по основу стицања пунолетства,2
10.08.2026,16.08.2026,КОЦЕЉЕВА,Упис по основу пријаве пребивалишта,9
10.08.2026,16.08.2026,КОЦЕЉЕВА,Промена личних података,5
10.08.2026,16.08.2026,КОЦЕЉЕВА,Промена адресе пребивалишта,18
10.08.2026,16.08.2026,КОЦЕЉЕВА,Брисање по основу одјаве пребивалишта,4
10.08.2026,16.08.2026,КОЦЕЉЕВА,Брисање по основу смрти лица,6
10.08.2026,16.08.2026,КРАГУЈЕВАЦ - ГРАД,Упис по основу стицања пунолетства,47
10.08.2026,16.08.2026,КРАГУЈЕВАЦ - ГРАД,Упис по основу пријаве пребивалишта,39
10.08.2026,16.08.2026,КРАГУЈЕВАЦ - ГРАД,Упис по основу пријаве боравишта интерно расељеног лица,7
10.08.2026,16.08.2026,КРАГУЈЕВАЦ - ГРАД,Промена личних података,23
10.08.2026,16.08.2026,КРАГУЈЕВАЦ - ГРАД,Промена адресе пребивалишта,115
10.08.2026,16.08.2026,КРАГУЈЕВАЦ - ГРАД,Промена адресе боравишта интерно расељеног лица,5
10.08.2026,16.08.2026,КРАГУЈЕВАЦ - ГРАД,Брисање по основу одјаве пребивалишта,14
10.08.2026,16.08.2026,КРАГУЈЕВАЦ - ГРАД,Брисање по основу смрти лица,46
10.08.2026,16.08.2026,КРАГУЈЕВАЦ - ГРАД,Брисање боравишта интерно расељеног лица,2
10.08.2026,16.08.2026,КРАГУЈЕВАЦ - ГРАД,Брисање по службеној дужности,10
10.08.2026,16.08.2026,КРАЉЕВО - ГРАД,Упис по основу стицања пунолетства,26
10.08.2026,16.08.2026,КРАЉЕВО - ГРАД,Упис по основу пријаве пребивалишта,22
10.08.2026,16.08.2026,КРАЉЕВО - ГРАД,Упис по основу пријаве боравишта интерно расељеног лица,6
10.08.2026,16.08.2026,КРАЉЕВО - ГРАД,Промена личних података,15
10.08.2026,16.08.2026,КРАЉЕВО - ГРАД,Промена адресе пребивалишта,64
10.08.2026,16.08.2026,КРАЉЕВО - ГРАД,Промена адресе боравишта интерно расељеног лица,1
10.08.2026,16.08.2026,КРАЉЕВО - ГРАД,Брисање по основу одјаве пребивалишта,10
10.08.2026,16.08.2026,КРАЉЕВО - ГРАД,Брисање по основу губитка пословне способности,1
10.08.2026,16.08.2026,КРАЉЕВО - ГРАД,Брисање по основу смрти лица,29
10.08.2026,16.08.2026,КРАЉЕВО - ГРАД,Брисање боравишта интерно расељеног лица,5
10.08.2026,16.08.2026,КРАЉЕВО - ГРАД,Брисање по службеној дужности,1
10.08.2026,16.08.2026,КРУПАЊ,Упис по основу стицања пунолетства,3
10.08.2026,16.08.2026,КРУПАЊ,Упис по основу пријаве пребивалишта,3
10.08.2026,16.08.2026,КРУПАЊ,Промена личних података,2
10.08.2026,16.08.2026,КРУПАЊ,Промена адресе пребивалишта,25
10.08.2026,16.08.2026,КРУПАЊ,Брисање по основу одјаве пребивалишта,3
10.08.2026,16.08.2026,КРУПАЊ,Брисање по основу смрти лица,3
10.08.2026,16.08.2026,КРУШЕВАЦ - ГРАД,Упис по основу стицања пунолетства,28
10.08.2026,16.08.2026,КРУШЕВАЦ - ГРАД,Упис по основу пријаве пребивалишта,21
10.08.2026,16.08.2026,КРУШЕВАЦ - ГРАД,Упис по основу пријаве боравишта интерно расељеног лица,6
10.08.2026,16.08.2026,КРУШЕВАЦ - ГРАД,Промена личних података,21
10.08.2026,16.08.2026,КРУШЕВАЦ - ГРАД,Промена адресе пребивалишта,77
10.08.2026,16.08.2026,КРУШЕВАЦ - ГРАД,Брисање по основу одјаве пребивалишта,12
10.08.2026,16.08.2026,КРУШЕВАЦ - ГРАД,Брисање по основу смрти лица,34
10.08.2026,16.08.2026,КРУШЕВАЦ - ГРАД,Брисање боравишта интерно расељеног лица,1
10.08.2026,16.08.2026,КРУШЕВАЦ - ГРАД,Исправка техничке грешке,1
10.08.2026,16.08.2026,КРУШЕВАЦ - ГРАД,Брисање по службеној дужности,8
10.08.2026,16.08.2026,КУЛА,Упис по основу стицања пунолетства,9
10.08.2026,16.08.2026,КУЛА,Упис по основу пријаве пребивалишта,10
10.08.2026,16.08.2026,КУЛА,Промена личних података,7
10.08.2026,16.08.2026,КУЛА,Промена адресе пребивалишта,13
10.08.2026,16.08.2026,КУЛА,Брисање по основу одјаве пребивалишта,9
10.08.2026,16.08.2026,КУЛА,Брисање по основу смрти лица,8
10.08.2026,16.08.2026,КУРШУМЛИЈА,Упис по основу стицања пунолетства,2
10.08.2026,16.08.2026,КУРШУМЛИЈА,Упис по основу пријаве пребивалишта,2
10.08.2026,16.08.2026,КУРШУМЛИЈА,Упис по основу пријаве боравишта интерно расељеног лица,1
10.08.2026,16.08.2026,КУРШУМЛИЈА,Промена адресе пребивалишта,11
10.08.2026,16.08.2026,КУРШУМЛИЈА,Брисање по основу одјаве пребивалишта,4
10.08.2026,16.08.2026,КУРШУМЛИЈА,Брисање по основу смрти лица,8
10.08.2026,16.08.2026,КУРШУМЛИЈА,Брисање по службеној дужности,1
10.08.2026,16.08.2026,КУЧЕВО,Упис по основу стицања пунолетства,3
10.08.2026,16.08.2026,КУЧЕВО,Упис по основу пријаве пребивалишта,9
10.08.2026,16.08.2026,КУЧЕВО,Промена личних података,4
10.08.2026,16.08.2026,КУЧЕВО,Промена адресе пребивалишта,47
10.08.2026,16.08.2026,КУЧЕВО,Брисање по основу одјаве пребивалишта,2
10.08.2026,16.08.2026,КУЧЕВО,Брисање по основу смрти лица,3
10.08.2026,16.08.2026,ЛАЈКОВАЦ,Упис по основу стицања пунолетства,3
10.08.2026,16.08.2026,ЛАЈКОВАЦ,Упис по основу пријаве пребивалишта,3
10.08.2026,16.08.2026,ЛАЈКОВАЦ,Промена личних података,1
10.08.2026,16.08.2026,ЛАЈКОВАЦ,Промена адресе пребивалишта,1
10.08.2026,16.08.2026,ЛАЈКОВАЦ,Брисање по основу одјаве пребивалишта,3
10.08.2026,16.08.2026,ЛАЈКОВАЦ,Брисање по основу смрти лица,4
10.08.2026,16.08.2026,ЛАПОВО,Упис по основу стицања пунолетства,5
10.08.2026,16.08.2026,ЛАПОВО,Упис по основу пријаве пребивалишта,2
10.08.2026,16.08.2026,ЛАПОВО,Промена личних података,1
10.08.2026,16.08.2026,ЛАПОВО,Промена адресе пребивалишта,4
10.08.2026,16.08.2026,ЛАПОВО,Брисање по основу одјаве пребивалишта,1
10.08.2026,16.08.2026,ЛАПОВО,Брисање по основу смрти лица,1
10.08.2026,16.08.2026,ЛАПОВО,Брисање боравишта интерно расељеног лица,1
10.08.2026,16.08.2026,ЛАПОВО,Исправка техничке грешке,1
10.08.2026,16.08.2026,ЛЕБАНЕ,Брисање по основу одјаве пребивалишта,3
10.08.2026,16.08.2026,ЛЕПОСАВИЋ,Упис по основу стицања пунолетства,3
10.08.2026,16.08.2026,ЛЕПОСАВИЋ,Промена личних података,1
10.08.2026,16.08.2026,ЛЕПОСАВИЋ,Брисање по основу одјаве пребивалишта,7
10.08.2026,16.08.2026,ЛЕПОСАВИЋ,Брисање по основу смрти лица,4
10.08.2026,16.08.2026,ЛЕСКОВАЦ - ГРАД,Упис по основу стицања пунолетства,21
10.08.2026,16.08.2026,ЛЕСКОВАЦ - ГРАД,Упис по основу пријаве пребивалишта,7
10.08.2026,16.08.2026,ЛЕСКОВАЦ - ГРАД,Упис по основу пријаве боравишта интерно расељеног лица,1
10.08.2026,16.08.2026,ЛЕСКОВАЦ - ГРАД,Промена личних података,17
10.08.2026,16.08.2026,ЛЕСКОВАЦ - ГРАД,Промена адресе пребивалишта,41
10.08.2026,16.08.2026,ЛЕСКОВАЦ - ГРАД,Промена адресе боравишта интерно расељеног лица,1
10.08.2026,16.08.2026,ЛЕСКОВАЦ - ГРАД,Брисање по основу одјаве пребивалишта,15
10.08.2026,16.08.2026,ЛЕСКОВАЦ - ГРАД,Брисање по основу смрти лица,42
10.08.2026,16.08.2026,ЛЕСКОВАЦ - ГРАД,Брисање боравишта интерно расељеног лица,1
10.08.2026,16.08.2026,ЛИПЉАН,Упис по основу стицања пунолетства,3
10.08.2026,16.08.2026,ЛИПЉАН,Брисање по основу одјаве пребивалишта,3
10.08.2026,16.08.2026,ЛОЗНИЦА - ГРАД,Упис по основу стицања пунолетства,11
10.08.2026,16.08.2026,ЛОЗНИЦА - ГРАД,Упис по основу пријаве пребивалишта,23
10.08.2026,16.08.2026,ЛОЗНИЦА - ГРАД,Упис по основу пријаве боравишта интерно расељеног лица,1
10.08.2026,16.08.2026,ЛОЗНИЦА - ГРАД,Промена личних података,7
10.08.2026,16.08.2026,ЛОЗНИЦА - ГРАД,Промена адресе пребивалишта,62
10.08.2026,16.08.2026,ЛОЗНИЦА - ГРАД,Брисање по основу одјаве пребивалишта,10
10.08.2026,16.08.2026,ЛОЗНИЦА - ГРАД,Брисање по основу смрти лица,16
10.08.2026,16.08.2026,ЛОЗНИЦА - ГРАД,Исправка техничке грешке,1
10.08.2026,16.08.2026,ЛОЗНИЦА - ГРАД,Брисање по службеној дужности,2
10.08.2026,16.08.2026,ЛУЧАНИ,Брисање по основу одјаве пребивалишта,3
10.08.2026,16.08.2026,ЛУЧАНИ,Брисање по основу смрти лица,8
10.08.2026,16.08.2026,ЉИГ,Упис по основу стицања пунолетства,4
10.08.2026,16.08.2026,ЉИГ,Промена адресе пребивалишта,8
10.08.2026,16.08.2026,ЉИГ,Брисање по основу смрти лица,2
10.08.2026,16.08.2026,ЉУБОВИЈА,Упис по основу стицања пунолетства,8
10.08.2026,16.08.2026,ЉУБОВИЈА,Упис по основу пријаве пребивалишта,3
10.08.2026,16.08.2026,ЉУБОВИЈА,Упис по основу пријема у држављанство,1
10.08.2026,16.08.2026,ЉУБОВИЈА,Промена адресе пребивалишта,14
10.08.2026,16.08.2026,ЉУБОВИЈА,Брисање по основу одјаве пребивалишта,2
10.08.2026,16.08.2026,ЉУБОВИЈА,Брисање по основу губитка пословне способности,5
10.08.2026,16.08.2026,ЉУБОВИЈА,Брисање по основу смрти лица,3
10.08.2026,16.08.2026,МАЈДАНПЕК,Упис по основу пријаве пребивалишта,5
10.08.2026,16.08.2026,МАЈДАНПЕК,Упис по основу пријема у држављанство,1
10.08.2026,16.08.2026,МАЈДАНПЕК,Промена личних података,7
10.08.2026,16.08.2026,МАЈДАНПЕК,Промена адресе пребивалишта,10
10.08.2026,16.08.2026,МАЈДАНПЕК,Брисање по основу одјаве пребивалишта,4
10.08.2026,16.08.2026,МАЈДАНПЕК,Брисање по основу смрти лица,6
10.08.2026,16.08.2026,МАЛИ ЗВОРНИК,Упис по основу стицања пунолетства,4
10.08.2026,16.08.2026,МАЛИ ЗВОРНИК,Упис по основу пријаве пребивалишта,7
10.08.2026,16.08.2026,МАЛИ ЗВОРНИК,Промена личних података,1
10.08.2026,16.08.2026,МАЛИ ЗВОРНИК,Промена адресе пребивалишта,11
10.08.2026,16.08.2026,МАЛИ ЗВОРНИК,Брисање по основу одјаве пребивалишта,8
10.08.2026,16.08.2026,МАЛИ ЗВОРНИК,Брисање по основу смрти лица,2
10.08.2026,16.08.2026,МАЛИ ИЂОШ,Упис по основу стицања пунолетства,2
10.08.2026,16.08.2026,МАЛИ ИЂОШ,Упис по основу пријаве пребивалишта,1
10.08.2026,16.08.2026,МАЛИ ИЂОШ,Промена личних података,3
10.08.2026,16.08.2026,МАЛИ ИЂОШ,Промена адресе пребивалишта,5
10.08.2026,16.08.2026,МАЛИ ИЂОШ,Брисање по основу одјаве пребивалишта,1
10.08.2026,16.08.2026,МАЛИ ИЂОШ,Брисање по основу смрти лица,3
10.08.2026,16.08.2026,МАЛО ЦРНИЋЕ,Упис по основу стицања пунолетства,5
10.08.2026,16.08.2026,МАЛО ЦРНИЋЕ,Упис по основу пријаве пребивалишта,2
10.08.2026,16.08.2026,МАЛО ЦРНИЋЕ,Промена личних података,2
10.08.2026,16.08.2026,МАЛО ЦРНИЋЕ,Промена адресе пребивалишта,44
10.08.2026,16.08.2026,МАЛО ЦРНИЋЕ,Брисање по основу одјаве пребивалишта,1
10.08.2026,16.08.2026,МАЛО ЦРНИЋЕ,Брисање по основу смрти лица,4
10.08.2026,16.08.2026,МЕДВЕЂА,Упис по основу стицања пунолетства,2
10.08.2026,16.08.2026,МЕДВЕЂА,Промена личних података,2
10.08.2026,16.08.2026,МЕДВЕЂА,Промена адресе пребивалишта,23
10.08.2026,16.08.2026,МЕДВЕЂА,Брисање по основу одјаве пребивалишта,1
10.08.2026,16.08.2026,МЕРОШИНА,Промена личних података,1
10.08.2026,16.08.2026,МЕРОШИНА,Брисање по основу одјаве пребивалишта,2
10.08.2026,16.08.2026,МЕРОШИНА,Брисање по основу смрти лица,2
10.08.2026,16.08.2026,МИОНИЦА,Брисање по основу одјаве пребивалишта,3
10.08.2026,16.08.2026,НЕГОТИН,Упис по основу стицања пунолетства,11
10.08.2026,16.08.2026,НЕГОТИН,Упис по основу пријаве пребивалишта,6
10.08.2026,16.08.2026,НЕГОТИН,Упис по основу пријема у држављанство,3
10.08.2026,16.08.2026,НЕГОТИН,Упис по основу пријаве боравишта интерно расељеног лица,1
10.08.2026,16.08.2026,НЕГОТИН,Промена личних података,7
10.08.2026,16.08.2026,НЕГОТИН,Промена адресе пребивалишта,56
10.08.2026,16.08.2026,НЕГОТИН,Брисање по основу одјаве пребивалишта,4
10.08.2026,16.08.2026,НЕГОТИН,Брисање по основу смрти лица,9
10.08.2026,16.08.2026,НИШ-МЕДИЈАНА,Упис по основу стицања пунолетства,16
10.08.2026,16.08.2026,НИШ-МЕДИЈАНА,Упис по основу пријаве пребивалишта,37
10.08.2026,16.08.2026,НИШ-МЕДИЈАНА,Промена личних података,9
10.08.2026,16.08.2026,НИШ-МЕДИЈАНА,Промена адресе пребивалишта,26
10.08.2026,16.08.2026,НИШ-МЕДИЈАНА,Брисање по основу одјаве пребивалишта,24
10.08.2026,16.08.2026,НИШ-МЕДИЈАНА,Брисање по основу смрти лица,21
10.08.2026,16.08.2026,НИШ-НИШКА БАЊА,Упис по основу стицања пунолетства,2
10.08.2026,16.08.2026,НИШ-НИШКА БАЊА,Упис по основу пријаве пребивалишта,4
10.08.2026,16.08.2026,НИШ-НИШКА БАЊА,Промена личних података,2
10.08.2026,16.08.2026,НИШ-НИШКА БАЊА,Промена адресе пребивалишта,5
10.08.2026,16.08.2026,НИШ-НИШКА БАЊА,Брисање по основу одјаве пребивалишта,1
10.08.2026,16.08.2026,НИШ-НИШКА БАЊА,Брисање по основу смрти лица,4
10.08.2026,16.08.2026,НИШ-ПАЛИЛУЛА,Упис по основу стицања пунолетства,14
10.08.2026,16.08.2026,НИШ-ПАЛИЛУЛА,Упис по основу пријаве пребивалишта,37
10.08.2026,16.08.2026,НИШ-ПАЛИЛУЛА,Промена личних података,9
10.08.2026,16.08.2026,НИШ-ПАЛИЛУЛА,Промена адресе пребивалишта,21
10.08.2026,16.08.2026,НИШ-ПАЛИЛУЛА,Промена адресе боравишта интерно расељеног лица,1
10.08.2026,16.08.2026,НИШ-ПАЛИЛУЛА,Брисање по основу одјаве пребивалишта,18
10.08.2026,16.08.2026,НИШ-ПАЛИЛУЛА,Брисање по основу смрти лица,13
10.08.2026,16.08.2026,НИШ-ПАЛИЛУЛА,Брисање боравишта интерно расељеног лица,1
10.08.2026,16.08.2026,НИШ-ПАНТЕЛЕЈ,Упис по основу стицања пунолетства,9
10.08.2026,16.08.2026,НИШ-ПАНТЕЛЕЈ,Упис по основу пријаве пребивалишта,28
10.08.2026,16.08.2026,НИШ-ПАНТЕЛЕЈ,Упис по основу пријаве боравишта интерно расељеног лица,1
10.08.2026,16.08.2026,НИШ-ПАНТЕЛЕЈ,Промена личних података,5
10.08.2026,16.08.2026,НИШ-ПАНТЕЛЕЈ,Промена адресе пребивалишта,11
10.08.2026,16.08.2026,НИШ-ПАНТЕЛЕЈ,Брисање по основу одјаве пребивалишта,15
10.08.2026,16.08.2026,НИШ-ПАНТЕЛЕЈ,Брисање по основу смрти лица,5
10.08.2026,16.08.2026,НИШ-ПАНТЕЛЕЈ,Брисање боравишта интерно расељеног лица,2
10.08.2026,16.08.2026,НИШ-ПАНТЕЛЕЈ,Исправка техничке грешке,1
10.08.2026,16.08.2026,НИШ-ПАНТЕЛЕЈ,Брисање по службеној дужности,1
10.08.2026,16.08.2026,НИШ-ЦРВЕНИ КРСТ,Упис по основу стицања пунолетства,5
10.08.2026,16.08.2026,НИШ-ЦРВЕНИ КРСТ,Упис по основу пријаве пребивалишта,14
10.08.2026,16.08.2026,НИШ-ЦРВЕНИ КРСТ,Упис по основу пријема у држављанство,1
10.08.2026,16.08.2026,НИШ-ЦРВЕНИ КРСТ,Промена личних података,7
10.08.2026,16.08.2026,НИШ-ЦРВЕНИ КРСТ,Промена адресе пребивалишта,21
10.08.2026,16.08.2026,НИШ-ЦРВЕНИ КРСТ,Брисање по основу одјаве пребивалишта,13
10.08.2026,16.08.2026,НИШ-ЦРВЕНИ КРСТ,Брисање по основу смрти лица,8
10.08.2026,16.08.2026,НОВА ВАРОШ,Упис по основу стицања пунолетства,4
10.08.2026,16.08.2026,НОВА ВАРОШ,Упис по основу пријаве пребивалишта,3
10.08.2026,16.08.2026,НОВА ВАРОШ,Промена личних података,2
10.08.2026,16.08.2026,НОВА ВАРОШ,Промена адресе пребивалишта,4
10.08.2026,16.08.2026,НОВА ВАРОШ,Брисање по основу одјаве пребивалишта,1
10.08.2026,16.08.2026,НОВА ВАРОШ,Брисање по основу смрти лица,5
10.08.2026,16.08.2026,НОВА ЦРЊА,Упис по основу стицања пунолетства,1
10.08.2026,16.08.2026,НОВА ЦРЊА,Упис по основу пријаве пребивалишта,1
10.08.2026,16.08.2026,НОВА ЦРЊА,Промена личних података,1
10.08.2026,16.08.2026,НОВА ЦРЊА,Промена адресе пребивалишта,2
10.08.2026,16.08.2026,НОВА ЦРЊА,Брисање по основу смрти лица,4
10.08.2026,16.08.2026,НОВИ БЕЧЕЈ,Упис по основу стицања пунолетства,4
10.08.2026,16.08.2026,НОВИ БЕЧЕЈ,Упис по основу пријаве пребивалишта,12
10.08.2026,16.08.2026,НОВИ БЕЧЕЈ,Промена личних података,6
10.08.2026,16.08.2026,НОВИ БЕЧЕЈ,Промена адресе пребивалишта,8
10.08.2026,16.08.2026,НОВИ БЕЧЕЈ,Брисање по основу одјаве пребивалишта,3
10.08.2026,16.08.2026,НОВИ БЕЧЕЈ,Брисање по основу смрти лица,7
10.08.2026,16.08.2026,НОВИ КНЕЖЕВАЦ,Упис по основу стицања пунолетства,1
10.08.2026,16.08.2026,НОВИ КНЕЖЕВАЦ,Упис по основу пријаве пребивалишта,1
10.08.2026,16.08.2026,НОВИ КНЕЖЕВАЦ,Промена личних података,1
10.08.2026,16.08.2026,НОВИ КНЕЖЕВАЦ,Промена адресе пребивалишта,7
10.08.2026,16.08.2026,НОВИ КНЕЖЕВАЦ,Брисање по основу одјаве пребивалишта,1
10.08.2026,16.08.2026,НОВИ КНЕЖЕВАЦ,Брисање по основу смрти лица,2
10.08.2026,16.08.2026,НОВИ ПАЗАР - ГРАД,Упис по основу стицања пунолетства,43
10.08.2026,16.08.2026,НОВИ ПАЗАР - ГРАД,Упис по основу пријаве пребивалишта,35
10.08.2026,16.08.2026,НОВИ ПАЗАР - ГРАД,Упис по основу пријема у држављанство,1
10.08.2026,16.08.2026,НОВИ ПАЗАР - ГРАД,Промена личних података,24
10.08.2026,16.08.2026,НОВИ ПАЗАР - ГРАД,Промена адресе пребивалишта,166
10.08.2026,16.08.2026,НОВИ ПАЗАР - ГРАД,Брисање по основу одјаве пребивалишта,3
10.08.2026,16.08.2026,НОВИ ПАЗАР - ГРАД,Брисање по основу смрти лица,13
10.08.2026,16.08.2026,НОВИ ПАЗАР - ГРАД,Брисање боравишта интерно расељеног лица,1
10.08.2026,16.08.2026,НОВИ САД - ГРАД,Упис по основу стицања пунолетства,87
10.08.2026,16.08.2026,НОВИ САД - ГРАД,Упис по основу пријаве пребивалишта,167
10.08.2026,16.08.2026,НОВИ САД - ГРАД,Промена личних података,60
10.08.2026,16.08.2026,НОВИ САД - ГРАД,Промена адресе пребивалишта,206
10.08.2026,16.08.2026,НОВИ САД - ГРАД,Брисање по основу одјаве пребивалишта,65
10.08.2026,16.08.2026,НОВИ САД - ГРАД,Брисање по основу смрти лица,78
10.08.2026,16.08.2026,НОВИ САД - ГРАД,Брисање боравишта интерно расељеног лица,1
10.08.2026,16.08.2026,НОВИ САД - ГРАД,Брисање по службеној дужности,21
10.08.2026,16.08.2026,ОБИЛИЋ,Брисање по основу одјаве пребивалишта,1
10.08.2026,16.08.2026,ОПОВО,Промена личних података,3
10.08.2026,16.08.2026,ОПОВО,Промена адресе пребивалишта,1
10.08.2026,16.08.2026,ОПОВО,Брисање по основу одјаве пребивалишта,3
10.08.2026,16.08.2026,ОПОВО,Брисање по основу смрти лица,10
10.08.2026,16.08.2026,ОРАХОВАЦ,Упис по основу стицања пунолетства,2
10.08.2026,16.08.2026,ОРАХОВАЦ,Брисање по основу одјаве пребивалишта,4
10.08.2026,16.08.2026,ОСЕЧИНА,Упис по основу стицања пунолетства,1
10.08.2026,16.08.2026,ОСЕЧИНА,Упис по основу пријаве пребивалишта,2
10.08.2026,16.08.2026,ОСЕЧИНА,Брисање по основу одјаве пребивалишта,1
10.08.2026,16.08.2026,ОСЕЧИНА,Брисање по основу губитка пословне способности,5
10.08.2026,16.08.2026,ОСЕЧИНА,Брисање по основу смрти лица,3
10.08.2026,16.08.2026,ОЏАЦИ,Упис по основу стицања пунолетства,5
10.08.2026,16.08.2026,ОЏАЦИ,Упис по основу пријаве пребивалишта,10
10.08.2026,16.08.2026,ОЏАЦИ,Промена личних података,6
10.08.2026,16.08.2026,ОЏАЦИ,Промена адресе пребивалишта,64
10.08.2026,16.08.2026,ОЏАЦИ,Брисање по основу одјаве пребивалишта,4
10.08.2026,16.08.2026,ОЏАЦИ,Брисање по основу смрти лица,11
10.08.2026,16.08.2026,ПАНЧЕВО - ГРАД,Упис по основу стицања пунолетства,35
10.08.2026,16.08.2026,ПАНЧЕВО - ГРАД,Упис по основу пријаве пребивалишта,41
10.08.2026,16.08.2026,ПАНЧЕВО - ГРАД,Промена личних података,24
10.08.2026,16.08.2026,ПАНЧЕВО - ГРАД,Промена адресе пребивалишта,33
10.08.2026,16.08.2026,ПАНЧЕВО - ГРАД,Промена адресе боравишта интерно расељеног лица,1
10.08.2026,16.08.2026,ПАНЧЕВО - ГРАД,Брисање по основу одјаве пребивалишта,17
10.08.2026,16.08.2026,ПАНЧЕВО - ГРАД,Брисање по основу смрти лица,27
10.08.2026,16.08.2026,ПАНЧЕВО - ГРАД,Брисање по службеној дужности,1
10.08.2026,16.08.2026,ПАРАЋИН,Упис по основу стицања пунолетства,8
10.08.2026,16.08.2026,ПАРАЋИН,Упис по основу пријаве пребивалишта,15
10.08.2026,16.08.2026,ПАРАЋИН,Промена личних података,11
10.08.2026,16.08.2026,ПАРАЋИН,Промена адресе пребивалишта,141
10.08.2026,16.08.2026,ПАРАЋИН,Промена адресе боравишта интерно расељеног лица,1
10.08.2026,16.08.2026,ПАРАЋИН,Брисање по основу одјаве пребивалишта,5
10.08.2026,16.08.2026,ПАРАЋИН,Брисање по основу смрти лица,12
10.08.2026,16.08.2026,ПЕТРОВАЦ НА МЛАВИ,Упис по основу стицања пунолетства,4
10.08.2026,16.08.2026,ПЕТРОВАЦ НА МЛАВИ,Упис по основу пријаве пребивалишта,2
10.08.2026,16.08.2026,ПЕТРОВАЦ НА МЛАВИ,Упис по основу пријема у држављанство,1
10.08.2026,16.08.2026,ПЕТРОВАЦ НА МЛАВИ,Промена личних података,1
10.08.2026,16.08.2026,ПЕТРОВАЦ НА МЛАВИ,Промена адресе пребивалишта,47
10.08.2026,16.08.2026,ПЕТРОВАЦ НА МЛАВИ,Брисање по основу одјаве пребивалишта,5
10.08.2026,16.08.2026,ПЕТРОВАЦ НА МЛАВИ,Брисање по основу смрти лица,11
10.08.2026,16.08.2026,ПЕЋ,Брисање по основу одјаве пребивалишта,3
10.08.2026,16.08.2026,ПЕЋИНЦИ,Упис по основу стицања пунолетства,5
10.08.2026,16.08.2026,ПЕЋИНЦИ,Упис по основу пријаве пребивалишта,11
10.08.2026,16.08.2026,ПЕЋИНЦИ,Промена личних података,1
10.08.2026,16.08.2026,ПЕЋИНЦИ,Промена адресе пребивалишта,3
10.08.2026,16.08.2026,ПЕЋИНЦИ,Брисање по основу одјаве пребивалишта,4
10.08.2026,16.08.2026,ПЕЋИНЦИ,Брисање по основу губитка пословне способности,2
10.08.2026,16.08.2026,ПЕЋИНЦИ,Брисање по основу смрти лица,2
10.08.2026,16.08.2026,ПИРОТ - ГРАД,Упис по основу стицања пунолетства,5
10.08.2026,16.08.2026,ПИРОТ - ГРАД,Упис по основу пријаве пребивалишта,7
10.08.2026,16.08.2026,ПИРОТ - ГРАД,Промена личних података,1
10.08.2026,16.08.2026,ПИРОТ - ГРАД,Промена адресе пребивалишта,8
10.08.2026,16.08.2026,ПИРОТ - ГРАД,Брисање по основу одјаве пребивалишта,9
10.08.2026,16.08.2026,ПИРОТ - ГРАД,Брисање по основу смрти лица,21
10.08.2026,16.08.2026,ПИРОТ - ГРАД,Потврда о изборном праву,1
10.08.2026,16.08.2026,ПИРОТ - ГРАД,Потврда о изборном праву кандидата за одборнике,3
10.08.2026,16.08.2026,ПЛАНДИШТЕ,Упис по основу стицања пунолетства,1
10.08.2026,16.08.2026,ПЛАНДИШТЕ,Упис по основу пријаве пребивалишта,2
10.08.2026,16.08.2026,ПЛАНДИШТЕ,Промена адресе пребивалишта,5
10.08.2026,16.08.2026,ПЛАНДИШТЕ,Брисање по основу одјаве пребивалишта,3
10.08.2026,16.08.2026,ПЛАНДИШТЕ,Брисање по основу смрти лица,8
10.08.2026,16.08.2026,ПЛАНДИШТЕ,Брисање по службеној дужности,1
10.08.2026,16.08.2026,ПОДУЈЕВО,Брисање по основу одјаве пребивалишта,1
10.08.2026,16.08.2026,ПОЖАРЕВАЦ,Упис по основу стицања пунолетства,17
10.08.2026,16.08.2026,ПОЖАРЕВАЦ,Упис по основу пријаве пребивалишта,10
10.08.2026,16.08.2026,ПОЖАРЕВАЦ,Упис по основу пријема у држављанство,1
10.08.2026,16.08.2026,ПОЖАРЕВАЦ,Промена личних података,17
10.08.2026,16.08.2026,ПОЖАРЕВАЦ,Промена адресе пребивалишта,32
10.08.2026,16.08.2026,ПОЖАРЕВАЦ,Брисање по основу одјаве пребивалишта,9
10.08.2026,16.08.2026,ПОЖАРЕВАЦ,Брисање по основу смрти лица,18
10.08.2026,16.08.2026,ПОЖАРЕВАЦ-КОСТОЛАЦ,Упис по основу стицања пунолетства,8
10.08.2026,16.08.2026,ПОЖАРЕВАЦ-КОСТОЛАЦ,Упис по основу пријаве пребивалишта,2
10.08.2026,16.08.2026,ПОЖАРЕВАЦ-КОСТОЛАЦ,Промена личних података,5
10.08.2026,16.08.2026,ПОЖАРЕВАЦ-КОСТОЛАЦ,Промена адресе пребивалишта,6
10.08.2026,16.08.2026,ПОЖАРЕВАЦ-КОСТОЛАЦ,Брисање по основу дуплог уписа,1
10.08.2026,16.08.2026,ПОЖАРЕВАЦ-КОСТОЛАЦ,Брисање по основу смрти лица,2
10.08.2026,16.08.2026,ПОЖЕГА,Упис по основу стицања пунолетства,8
10.08.2026,16.08.2026,ПОЖЕГА,Упис по основу пријаве пребивалишта,7
10.08.2026,16.08.2026,ПОЖЕГА,Промена личних података,3
10.08.2026,16.08.2026,ПОЖЕГА,Промена адресе пребивалишта,27
10.08.2026,16.08.2026,ПОЖЕГА,Брисање по основу одјаве пребивалишта,3
10.08.2026,16.08.2026,ПОЖЕГА,Брисање по основу смрти лица,16
10.08.2026,16.08.2026,ПРЕШЕВО,Упис по основу стицања пунолетства,11
10.08.2026,16.08.2026,ПРЕШЕВО,Упис по основу пријаве пребивалишта,31
10.08.2026,16.08.2026,ПРЕШЕВО,Промена личних података,10
10.08.2026,16.08.2026,ПРЕШЕВО,Промена адресе пребивалишта,110
10.08.2026,16.08.2026,ПРЕШЕВО,Брисање по основу отпуста из држављанства,1
10.08.2026,16.08.2026,ПРЕШЕВО,Брисање по основу одјаве пребивалишта,2
10.08.2026,16.08.2026,ПРЕШЕВО,Брисање по основу смрти лица,4
10.08.2026,16.08.2026,ПРЕШЕВО,Исправка техничке грешке,1
10.08.2026,16.08.2026,ПРИБОЈ,Упис по основу пријаве пребивалишта,1
10.08.2026,16.08.2026,ПРИБОЈ,Промена личних података,11
10.08.2026,16.08.2026,ПРИБОЈ,Промена адресе пребивалишта,48
10.08.2026,16.08.2026,ПРИБОЈ,Брисање по основу одјаве пребивалишта,4
10.08.2026,16.08.2026,ПРИБОЈ,Брисање по основу смрти лица,7
10.08.2026,16.08.2026,ПРИБОЈ,Исправка техничке грешке,1
10.08.2026,16.08.2026,ПРИЗРЕН,Брисање по основу одјаве пребивалишта,3
10.08.2026,16.08.2026,ПРИЈЕПОЉЕ,Упис по основу стицања пунолетства,4
10.08.2026,16.08.2026,ПРИЈЕПОЉЕ,Упис по основу пријаве пребивалишта,5
10.08.2026,16.08.2026,ПРИЈЕПОЉЕ,Промена личних података,7
10.08.2026,16.08.2026,ПРИЈЕПОЉЕ,Промена адресе пребивалишта,312
10.08.2026,16.08.2026,ПРИЈЕПОЉЕ,Брисање по основу одјаве пребивалишта,5
10.08.2026,16.08.2026,ПРИЈЕПОЉЕ,Брисање по основу смрти лица,9
10.08.2026,16.08.2026,ПРИШТИНА - ГРАД,Упис по основу пријаве пребивалишта,2
10.08.2026,16.08.2026,ПРИШТИНА - ГРАД,Брисање по основу одјаве пребивалишта,6
10.08.2026,16.08.2026,ПРИШТИНА - ГРАД,Брисање по основу смрти лица,1
10.08.2026,16.08.2026,ПРОКУПЉЕ - ГРАД,Упис по основу стицања пунолетства,10
10.08.2026,16.08.2026,ПРОКУПЉЕ - ГРАД,Упис по основу пријаве пребивалишта,4
10.08.2026,16.08.2026,ПРОКУПЉЕ - ГРАД,Промена личних података,9
10.08.2026,16.08.2026,ПРОКУПЉЕ - ГРАД,Промена адресе пребивалишта,15
10.08.2026,16.08.2026,ПРОКУПЉЕ - ГРАД,Брисање по основу одјаве пребивалишта,5
10.08.2026,16.08.2026,ПРОКУПЉЕ - ГРАД,Брисање по основу смрти лица,8
10.08.2026,16.08.2026,РАЖАЊ,Упис по основу пријаве пребивалишта,2
10.08.2026,16.08.2026,РАЖАЊ,Промена личних података,1
10.08.2026,16.08.2026,РАЖАЊ,Промена адресе пребивалишта,6
10.08.2026,16.08.2026,РАЖАЊ,Брисање по основу одјаве пребивалишта,2
10.08.2026,16.08.2026,РАЖАЊ,Брисање по основу смрти лица,4
10.08.2026,16.08.2026,РАЧА,Промена личних података,1
10.08.2026,16.08.2026,РАЧА,Промена адресе пребивалишта,9
10.08.2026,16.08.2026,РАЧА,Брисање по основу одјаве пребивалишта,2
10.08.2026,16.08.2026,РАЧА,Брисање по основу смрти лица,4
10.08.2026,16.08.2026,РАШКА,Упис по основу пријаве пребивалишта,14
10.08.2026,16.08.2026,РАШКА,Промена адресе пребивалишта,8
10.08.2026,16.08.2026,РАШКА,Брисање по основу одјаве пребивалишта,4
10.08.2026,16.08.2026,РАШКА,Брисање по основу смрти лица,5
10.08.2026,16.08.2026,РЕКОВАЦ,Упис по основу пријаве пребивалишта,2
10.08.2026,16.08.2026,РЕКОВАЦ,Промена личних података,4
10.08.2026,16.08.2026,РЕКОВАЦ,Промена адресе пребивалишта,37
10.08.2026,16.08.2026,РЕКОВАЦ,Брисање по основу одјаве пребивалишта,2
10.08.2026,16.08.2026,РЕКОВАЦ,Брисање по основу смрти лица,4
10.08.2026,16.08.2026,РУМА,Упис по основу стицања пунолетства,5
10.08.2026,16.08.2026,РУМА,Упис по основу пријаве пребивалишта,21
10.08.2026,16.08.2026,РУМА,Промена личних података,8
10.08.2026,16.08.2026,РУМА,Промена адресе пребивалишта,40
10.08.2026,16.08.2026,РУМА,Брисање по основу одјаве пребивалишта,6
10.08.2026,16.08.2026,РУМА,Брисање по основу смрти лица,21
10.08.2026,16.08.2026,СВИЛАЈНАЦ,Упис по основу стицања пунолетства,2
10.08.2026,16.08.2026,СВИЛАЈНАЦ,Упис по основу пријаве пребивалишта,8
10.08.2026,16.08.2026,СВИЛАЈНАЦ,Упис по основу пријема у држављанство,1
10.08.2026,16.08.2026,СВИЛАЈНАЦ,Промена личних података,23
10.08.2026,16.08.2026,СВИЛАЈНАЦ,Промена адресе пребивалишта,30
10.08.2026,16.08.2026,СВИЛАЈНАЦ,Брисање по основу одјаве пребивалишта,1
10.08.2026,16.08.2026,СВИЛАЈНАЦ,Брисање по основу смрти лица,6
10.08.2026,16.08.2026,СВРЉИГ,Упис по основу стицања пунолетства,2
10.08.2026,16.08.2026,СВРЉИГ,Промена адресе пребивалишта,7
10.08.2026,16.08.2026,СВРЉИГ,Брисање по основу одјаве пребивалишта,1
10.08.2026,16.08.2026,СВРЉИГ,Брисање по основу смрти лица,3
10.08.2026,16.08.2026,СЕНТА,Упис по основу стицања пунолетства,5
10.08.2026,16.08.2026,СЕНТА,Упис по основу пријаве пребивалишта,3
10.08.2026,16.08.2026,СЕНТА,Промена личних података,2
10.08.2026,16.08.2026,СЕНТА,Промена адресе пребивалишта,11
10.08.2026,16.08.2026,СЕНТА,Брисање по основу отпуста из држављанства,2
10.08.2026,16.08.2026,СЕНТА,Брисање по основу одјаве пребивалишта,2
10.08.2026,16.08.2026,СЕНТА,Брисање по основу смрти лица,4
10.08.2026,16.08.2026,СЕЧАЊ,Промена личних података,1
10.08.2026,16.08.2026,СЕЧАЊ,Брисање по основу одјаве пребивалишта,2
10.08.2026,16.08.2026,СЕЧАЊ,Брисање по основу смрти лица,2
10.08.2026,16.08.2026,СЈЕНИЦА,Упис по основу стицања пунолетства,7
10.08.2026,16.08.2026,СЈЕНИЦА,Промена личних података,6
10.08.2026,16.08.2026,СЈЕНИЦА,Промена адресе пребивалишта,93
10.08.2026,16.08.2026,СЈЕНИЦА,Брисање по основу одјаве пребивалишта,3
10.08.2026,16.08.2026,СЈЕНИЦА,Брисање по основу смрти лица,10
10.08.2026,16.08.2026,СМЕДЕРЕВО - ГРАД,Упис по основу стицања пунолетства,31
10.08.2026,16.08.2026,СМЕДЕРЕВО - ГРАД,Упис по основу пријаве пребивалишта,20
10.08.2026,16.08.2026,СМЕДЕРЕВО - ГРАД,Промена личних података,22
10.08.2026,16.08.2026,СМЕДЕРЕВО - ГРАД,Промена адресе пребивалишта,103
10.08.2026,16.08.2026,СМЕДЕРЕВО - ГРАД,Брисање по основу отпуста из држављанства,5
10.08.2026,16.08.2026,СМЕДЕРЕВО - ГРАД,Брисање по основу одјаве пребивалишта,10
10.08.2026,16.08.2026,СМЕДЕРЕВО - ГРАД,Брисање по основу смрти лица,28
10.08.2026,16.08.2026,СМЕДЕРЕВО - ГРАД,Брисање боравишта интерно расељеног лица,1
10.08.2026,16.08.2026,СМЕДЕРЕВО - ГРАД,Брисање по службеној дужности,3
10.08.2026,16.08.2026,СМЕДЕРЕВСКА ПАЛАНКА,Упис по основу стицања пунолетства,6
10.08.2026,16.08.2026,СМЕДЕРЕВСКА ПАЛАНКА,Упис по основу пријаве пребивалишта,6
10.08.2026,16.08.2026,СМЕДЕРЕВСКА ПАЛАНКА,Упис по основу пријема у држављанство,1
10.08.2026,16.08.2026,СМЕДЕРЕВСКА ПАЛАНКА,Промена личних података,21
10.08.2026,16.08.2026,СМЕДЕРЕВСКА ПАЛАНКА,Промена адресе пребивалишта,20
10.08.2026,16.08.2026,СМЕДЕРЕВСКА ПАЛАНКА,Брисање по основу одјаве пребивалишта,7
10.08.2026,16.08.2026,СМЕДЕРЕВСКА ПАЛАНКА,Брисање по основу смрти лица,7
10.08.2026,16.08.2026,СОКОБАЊА,Упис по основу стицања пунолетства,2
10.08.2026,16.08.2026,СОКОБАЊА,Упис по основу пријаве пребивалишта,4
10.08.2026,16.08.2026,СОКОБАЊА,Промена личних података,9
10.08.2026,16.08.2026,СОКОБАЊА,Промена адресе пребивалишта,162
10.08.2026,16.08.2026,СОКОБАЊА,Брисање по основу одјаве пребивалишта,5
10.08.2026,16.08.2026,СОКОБАЊА,Брисање по основу смрти лица,9
10.08.2026,16.08.2026,СОКОБАЊА,Брисање боравишта интерно расељеног лица,1
10.08.2026,16.08.2026,СОМБОР - ГРАД,Упис по основу стицања пунолетства,10
10.08.2026,16.08.2026,СОМБОР - ГРАД,Упис по основу пријаве пребивалишта,11
10.08.2026,16.08.2026,СОМБОР - ГРАД,Упис по основу пријема у држављанство,2
10.08.2026,16.08.2026,СОМБОР - ГРАД,Промена личних података,10
10.08.2026,16.08.2026,СОМБОР - ГРАД,Промена адресе пребивалишта,41
10.08.2026,16.08.2026,СОМБОР - ГРАД,Брисање по основу одјаве пребивалишта,15
10.08.2026,16.08.2026,СОМБОР - ГРАД,Брисање по основу смрти лица,25
10.08.2026,16.08.2026,СРБОБРАН,Упис по основу стицања пунолетства,4
10.08.2026,16.08.2026,СРБОБРАН,Упис по основу пријаве пребивалишта,4
10.08.2026,16.08.2026,СРБОБРАН,Промена личних података,1
10.08.2026,16.08.2026,СРБОБРАН,Промена адресе пребивалишта,7
10.08.2026,16.08.2026,СРБОБРАН,Брисање по основу одјаве пребивалишта,5
10.08.2026,16.08.2026,СРБОБРАН,Брисање по основу смрти лица,2
10.08.2026,16.08.2026,СРЕМСКА МИТРОВИЦА - ГРАД,Упис по основу стицања пунолетства,21
10.08.2026,16.08.2026,СРЕМСКА МИТРОВИЦА - ГРАД,Упис по основу пријаве пребивалишта,22
10.08.2026,16.08.2026,СРЕМСКА МИТРОВИЦА - ГРАД,Промена личних података,13
10.08.2026,16.08.2026,СРЕМСКА МИТРОВИЦА - ГРАД,Промена адресе пребивалишта,45
10.08.2026,16.08.2026,СРЕМСКА МИТРОВИЦА - ГРАД,Брисање по основу одјаве пребивалишта,13
10.08.2026,16.08.2026,СРЕМСКА МИТРОВИЦА - ГРАД,Брисање по основу смрти лица,9
10.08.2026,16.08.2026,СРЕМСКА МИТРОВИЦА - ГРАД,Исправка техничке грешке,1
10.08.2026,16.08.2026,СРЕМСКА МИТРОВИЦА - ГРАД,Брисање по службеној дужности,13
10.08.2026,16.08.2026,СРЕМСКИ КАРЛОВЦИ,Упис по основу стицања пунолетства,1
10.08.2026,16.08.2026,СРЕМСКИ КАРЛОВЦИ,Упис по основу пријаве пребивалишта,2
10.08.2026,16.08.2026,СРЕМСКИ КАРЛОВЦИ,Промена личних података,1
10.08.2026,16.08.2026,СРЕМСКИ КАРЛОВЦИ,Промена адресе пребивалишта,3
10.08.2026,16.08.2026,СРЕМСКИ КАРЛОВЦИ,Брисање по основу одјаве пребивалишта,5
10.08.2026,16.08.2026,СРЕМСКИ КАРЛОВЦИ,Брисање по основу смрти лица,6
10.08.2026,16.08.2026,СТАРА ПАЗОВА,Упис по основу стицања пунолетства,10
10.08.2026,16.08.2026,СТАРА ПАЗОВА,Упис по основу пријаве пребивалишта,20
10.08.2026,16.08.2026,СТАРА ПАЗОВА,Промена личних података,13
10.08.2026,16.08.2026,СТАРА ПАЗОВА,Промена адресе пребивалишта,24
10.08.2026,16.08.2026,СТАРА ПАЗОВА,Брисање по основу одјаве пребивалишта,12
10.08.2026,16.08.2026,СТАРА ПАЗОВА,Брисање по основу смрти лица,16
10.08.2026,16.08.2026,СУБОТИЦА - ГРАД,Упис по основу стицања пунолетства,35
10.08.2026,16.08.2026,СУБОТИЦА - ГРАД,Упис по основу пријаве пребивалишта,17
10.08.2026,16.08.2026,СУБОТИЦА - ГРАД,Промена личних података,130
10.08.2026,16.08.2026,СУБОТИЦА - ГРАД,Промена адресе пребивалишта,118
10.08.2026,16.08.2026,СУБОТИЦА - ГРАД,Брисање по основу одјаве пребивалишта,18
10.08.2026,16.08.2026,СУБОТИЦА - ГРАД,Брисање по основу смрти лица,29
10.08.2026,16.08.2026,СУБОТИЦА - ГРАД,Исправка техничке грешке,1
10.08.2026,16.08.2026,СУРДУЛИЦА,Упис по основу стицања пунолетства,2
10.08.2026,16.08.2026,СУРДУЛИЦА,Упис по основу пријаве пребивалишта,3
10.08.2026,16.08.2026,СУРДУЛИЦА,Промена личних података,4
10.08.2026,16.08.2026,СУРДУЛИЦА,Промена адресе пребивалишта,68
10.08.2026,16.08.2026,СУРДУЛИЦА,Брисање по основу одјаве пребивалишта,8
10.08.2026,16.08.2026,СУРДУЛИЦА,Брисање по основу смрти лица,1
10.08.2026,16.08.2026,СУРДУЛИЦА,Исправка техничке грешке,1
10.08.2026,16.08.2026,ТЕМЕРИН,Упис по основу стицања пунолетства,4
10.08.2026,16.08.2026,ТЕМЕРИН,Упис по основу пријаве пребивалишта,4
10.08.2026,16.08.2026,ТЕМЕРИН,Промена личних података,2
10.08.2026,16.08.2026,ТЕМЕРИН,Промена адресе пребивалишта,3
10.08.2026,16.08.2026,ТЕМЕРИН,Брисање по основу одјаве пребивалишта,5
10.08.2026,16.08.2026,ТЕМЕРИН,Брисање по основу губитка пословне способности,2
10.08.2026,16.08.2026,ТЕМЕРИН,Брисање по основу смрти лица,4
10.08.2026,16.08.2026,ТИТЕЛ,Упис по основу стицања пунолетства,8
10.08.2026,16.08.2026,ТИТЕЛ,Упис по основу пријаве пребивалишта,5
10.08.2026,16.08.2026,ТИТЕЛ,Промена личних података,1
10.08.2026,16.08.2026,ТИТЕЛ,Промена адресе пребивалишта,8
10.08.2026,16.08.2026,ТИТЕЛ,Брисање по основу одјаве пребивалишта,3
10.08.2026,16.08.2026,ТИТЕЛ,Брисање по основу смрти лица,2
10.08.2026,16.08.2026,ТОПОЛА,Упис по основу стицања пунолетства,6
10.08.2026,16.08.2026,ТОПОЛА,Упис по основу пријаве пребивалишта,4
10.08.2026,16.08.2026,ТОПОЛА,Промена адресе пребивалишта,6
10.08.2026,16.08.2026,ТОПОЛА,Брисање по основу одјаве пребивалишта,8
10.08.2026,16.08.2026,ТОПОЛА,Брисање по основу смрти лица,9
10.08.2026,16.08.2026,ТРГОВИШТЕ,Упис по основу стицања пунолетства,3
10.08.2026,16.08.2026,ТРГОВИШТЕ,Упис по основу пријаве пребивалишта,1
10.08.2026,16.08.2026,ТРГОВИШТЕ,Промена адресе пребивалишта,4
10.08.2026,16.08.2026,ТРГОВИШТЕ,Брисање по основу одјаве пребивалишта,1
10.08.2026,16.08.2026,ТРСТЕНИК,Упис по основу стицања пунолетства,3
10.08.2026,16.08.2026,ТРСТЕНИК,Упис по основу пријаве пребивалишта,5
10.08.2026,16.08.2026,ТРСТЕНИК,Упис по основу пријема у држављанство,3
10.08.2026,16.08.2026,ТРСТЕНИК,Промена личних података,4
10.08.2026,16.08.2026,ТРСТЕНИК,Промена адресе пребивалишта,6
10.08.2026,16.08.2026,ТРСТЕНИК,Брисање по основу одјаве пребивалишта,8
10.08.2026,16.08.2026,ТРСТЕНИК,Брисање по основу смрти лица,11
10.08.2026,16.08.2026,ТУТИН,Упис по основу стицања пунолетства,11
10.08.2026,16.08.2026,ТУТИН,Промена личних података,12
10.08.2026,16.08.2026,ТУТИН,Промена адресе пребивалишта,193
10.08.2026,16.08.2026,ТУТИН,Брисање по основу одјаве пребивалишта,9
10.08.2026,16.08.2026,ТУТИН,Брисање по основу смрти лица,3
10.08.2026,16.08.2026,ЋИЋЕВАЦ,Упис по основу стицања пунолетства,2
10.08.2026,16.08.2026,ЋИЋЕВАЦ,Промена личних података,2
10.08.2026,16.08.2026,ЋИЋЕВАЦ,Промена адресе пребивалишта,3
10.08.2026,16.08.2026,ЋИЋЕВАЦ,Брисање по основу одјаве пребивалишта,3
10.08.2026,16.08.2026,ЋИЋЕВАЦ,Брисање по основу смрти лица,2
10.08.2026,16.08.2026,ЋУПРИЈА,Брисање по основу одјаве пребивалишта,5
10.08.2026,16.08.2026,УБ,Упис по основу стицања пунолетства,9
10.08.2026,16.08.2026,УБ,Упис по основу пријаве пребивалишта,6
10.08.2026,16.08.2026,УБ,Промена личних података,5
10.08.2026,16.08.2026,УБ,Промена адресе пребивалишта,6
10.08.2026,16.08.2026,УБ,Брисање по основу одјаве пребивалишта,4
10.08.2026,16.08.2026,УБ,Брисање по основу смрти лица,7
10.08.2026,16.08.2026,УЖИЦЕ - ГРАД,Упис по основу стицања пунолетства,14
10.08.2026,16.08.2026,УЖИЦЕ - ГРАД,Упис по основу пријаве пребивалишта,6
10.08.2026,16.08.2026,УЖИЦЕ - ГРАД,Промена личних података,9
10.08.2026,16.08.2026,УЖИЦЕ - ГРАД,Промена адресе пребивалишта,48
10.08.2026,16.08.2026,УЖИЦЕ - ГРАД,Брисање по основу одјаве пребивалишта,17
10.08.2026,16.08.2026,УЖИЦЕ - ГРАД,Брисање по основу смрти лица,20
10.08.2026,16.08.2026,УЖИЦЕ - ГРАД,Брисање по службеној дужности,1
10.08.2026,16.08.2026,УЖИЦЕ-СЕВОЈНО,Упис по основу стицања пунолетства,1
10.08.2026,16.08.2026,УЖИЦЕ-СЕВОЈНО,Упис по основу пријаве пребивалишта,1
10.08.2026,16.08.2026,УЖИЦЕ-СЕВОЈНО,Промена адресе пребивалишта,2
10.08.2026,16.08.2026,УЖИЦЕ-СЕВОЈНО,Брисање по основу одјаве пребивалишта,2
10.08.2026,16.08.2026,УЖИЦЕ-СЕВОЈНО,Брисање по основу смрти лица,3
10.08.2026,16.08.2026,УЖИЦЕ-СЕВОЈНО,Брисање по службеној дужности,1
10.08.2026,16.08.2026,УРОШЕВАЦ,Брисање по основу одјаве пребивалишта,2
10.08.2026,16.08.2026,ЦРНА ТРАВА,Промена адресе пребивалишта,2
10.08.2026,16.08.2026,ЦРНА ТРАВА,Брисање по основу одјаве пребивалишта,1
10.08.2026,16.08.2026,ЦРНА ТРАВА,Брисање по основу смрти лица,2
10.08.2026,16.08.2026,ЧАЈЕТИНА,Упис по основу стицања пунолетства,1
10.08.2026,16.08.2026,ЧАЈЕТИНА,Упис по основу пријаве пребивалишта,11
10.08.2026,16.08.2026,ЧАЈЕТИНА,Промена личних података,3
10.08.2026,16.08.2026,ЧАЈЕТИНА,Промена адресе пребивалишта,13
10.08.2026,16.08.2026,ЧАЈЕТИНА,Брисање по основу одјаве пребивалишта,4
10.08.2026,16.08.2026,ЧАЈЕТИНА,Брисање по основу смрти лица,3
10.08.2026,16.08.2026,ЧАЧАК - ГРАД,Упис по основу стицања пунолетства,25
10.08.2026,16.08.2026,ЧАЧАК - ГРАД,Упис по основу пријаве пребивалишта,16
10.08.2026,16.08.2026,ЧАЧАК - ГРАД,Промена личних података,15
10.08.2026,16.08.2026,ЧАЧАК - ГРАД,Промена адресе пребивалишта,24
10.08.2026,16.08.2026,ЧАЧАК - ГРАД,Брисање по основу одјаве пребивалишта,18
10.08.2026,16.08.2026,ЧАЧАК - ГРАД,Брисање по основу смрти лица,26
10.08.2026,16.08.2026,ЧОКА,Упис по основу стицања пунолетства,1
10.08.2026,16.08.2026,ЧОКА,Упис по основу пријаве пребивалишта,2
10.08.2026,16.08.2026,ЧОКА,Промена личних података,2
10.08.2026,16.08.2026,ЧОКА,Промена адресе пребивалишта,2
10.08.2026,16.08.2026,ЧОКА,Брисање по основу одјаве пребивалишта,2
10.08.2026,16.08.2026,ЧОКА,Брисање по основу смрти лица,8
10.08.2026,16.08.2026,ШАБАЦ - ГРАД,Упис по основу стицања пунолетства,23
10.08.2026,16.08.2026,ШАБАЦ - ГРАД,Упис по основу пријаве пребивалишта,26
10.08.2026,16.08.2026,ШАБАЦ - ГРАД,Промена личних података,20
10.08.2026,16.08.2026,ШАБАЦ - ГРАД,Промена адресе пребивалишта,69
10.08.2026,16.08.2026,ШАБАЦ - ГРАД,Брисање по основу отпуста из држављанства,1
10.08.2026,16.08.2026,ШАБАЦ - ГРАД,Брисање по основу одјаве пребивалишта,24
10.08.2026,16.08.2026,ШАБАЦ - ГРАД,Брисање по основу губитка пословне способности,1
10.08.2026,16.08.2026,ШАБАЦ - ГРАД,Брисање по основу смрти лица,27
10.08.2026,16.08.2026,ШАБАЦ - ГРАД,Брисање по службеној дужности,1
10.08.2026,16.08.2026,ШИД,Упис по основу стицања пунолетства,5
10.08.2026,16.08.2026,ШИД,Упис по основу пријаве пребивалишта,33
10.08.2026,16.08.2026,ШИД,Промена личних података,2
10.08.2026,16.08.2026,ШИД,Промена адресе пребивалишта,14
10.08.2026,16.08.2026,ШИД,Брисање по основу одјаве пребивалишта,3
10.08.2026,16.08.2026,ШИД,Брисање по основу смрти лица,6
10.08.2026,16.08.2026,ШИД,Брисање боравишта интерно расељеног лица,1
10.08.2026,16.08.2026,ШИД,Брисање по службеној дужности,8
10.08.2026,16.08.2026,ШТРПЦЕ,Упис по основу пријаве пребивалишта,1
10.08.2026,16.08.2026,ШТРПЦЕ,Брисање по основу одјаве пребивалишта,3
10.08.2026,16.08.2026,ШТРПЦЕ,Брисање по основу смрти лица,2
